Region Name,Region N,Season Name,Season N,TH,hits,misses,false alarms,correct negatives,POD,FAR,CSI,ETS
MidWest,1,JJA,1,0.500000,198,1,21288,4475590,0.994975,0.990785,0.009215,0.009171
MidWest,1,JJA,1,1.000000,198,1,17632,4475590,0.994975,0.988895,0.011104,0.011060
MidWest,1,JJA,1,1.500000,196,3,15554,4475590,0.984925,0.987556,0.012442,0.012398
MidWest,1,JJA,1,2.000000,196,3,14075,4475590,0.984925,0.986266,0.013731,0.013688
MidWest,1,JJA,1,2.500000,196,3,12839,4475590,0.984925,0.984964,0.015033,0.014989
MidWest,1,JJA,1,3.000000,194,5,11825,4475590,0.974874,0.983859,0.016134,0.016091
MidWest,1,JJA,1,3.500000,194,5,10911,4475590,0.974874,0.982530,0.017462,0.017418
MidWest,1,JJA,1,4.000000,194,5,10085,4475590,0.974874,0.981127,0.018864,0.018821
MidWest,1,JJA,1,4.500000,193,6,9334,4475590,0.969849,0.979742,0.020245,0.020202
MidWest,1,JJA,1,5.000000,193,6,8654,4475590,0.969849,0.978185,0.021801,0.021757
MidWest,1,JJA,1,5.500000,193,6,8059,4475590,0.969849,0.976612,0.023371,0.023328
MidWest,1,JJA,1,6.000000,191,8,7451,4475590,0.959799,0.975007,0.024967,0.024924
MidWest,1,JJA,1,6.500000,191,8,6944,4475590,0.959799,0.973231,0.026739,0.026696
MidWest,1,JJA,1,7.000000,189,10,6438,4475590,0.949749,0.971480,0.028477,0.028434
MidWest,1,JJA,1,7.500000,188,11,6026,4475590,0.944724,0.969746,0.030201,0.030158
MidWest,1,JJA,1,8.000000,186,13,5570,4475590,0.934673,0.967686,0.032241,0.032198
MidWest,1,JJA,1,8.500000,184,15,5205,4475590,0.924623,0.965856,0.034049,0.034006
MidWest,1,JJA,1,9.000000,184,15,4841,4475590,0.924623,0.963383,0.036508,0.036465
MidWest,1,JJA,1,9.500000,184,15,4505,4475590,0.924623,0.960759,0.039116,0.039073
MidWest,1,JJA,1,10.000000,181,18,4145,4475590,0.909548,0.958160,0.041667,0.041624
MidWest,1,JJA,1,10.500000,178,21,3840,4475590,0.894472,0.955699,0.044070,0.044028
MidWest,1,JJA,1,11.000000,177,22,3565,4475590,0.889447,0.952699,0.047024,0.046982
MidWest,1,JJA,1,11.500000,174,25,3313,4475590,0.874372,0.950100,0.049544,0.049502
MidWest,1,JJA,1,12.000000,172,27,3056,4475590,0.864322,0.946716,0.052842,0.052800
MidWest,1,SON,2,0.500000,100,1,14104,4981672,0.990099,0.992960,0.007040,0.007020
MidWest,1,SON,2,1.000000,100,1,10116,4981672,0.990099,0.990211,0.009788,0.009768
MidWest,1,SON,2,1.500000,100,1,7947,4981672,0.990099,0.987573,0.012425,0.012405
MidWest,1,SON,2,2.000000,100,1,6511,4981672,0.990099,0.984874,0.015124,0.015104
MidWest,1,SON,2,2.500000,100,1,5566,4981672,0.990099,0.982351,0.017646,0.017626
MidWest,1,SON,2,3.000000,100,1,4878,4981672,0.990099,0.979912,0.020084,0.020065
MidWest,1,SON,2,3.500000,99,2,4322,4981672,0.980198,0.977607,0.022383,0.022363
MidWest,1,SON,2,4.000000,97,4,3886,4981672,0.960396,0.975646,0.024329,0.024309
MidWest,1,SON,2,4.500000,97,4,3534,4981672,0.960396,0.973286,0.026685,0.026665
MidWest,1,SON,2,5.000000,97,4,3236,4981672,0.960396,0.970897,0.029068,0.029048
MidWest,1,SON,2,5.500000,96,5,2961,4981672,0.950495,0.968597,0.031352,0.031332
MidWest,1,SON,2,6.000000,95,6,2713,4981672,0.940594,0.966168,0.033760,0.033740
MidWest,1,SON,2,6.500000,95,6,2502,4981672,0.940594,0.963419,0.036496,0.036477
MidWest,1,SON,2,7.000000,94,7,2304,4981672,0.930693,0.960801,0.039085,0.039066
MidWest,1,SON,2,7.500000,94,7,2126,4981672,0.930693,0.957658,0.042209,0.042190
MidWest,1,SON,2,8.000000,93,8,1981,4981672,0.920792,0.955159,0.044669,0.044649
MidWest,1,SON,2,8.500000,93,8,1822,4981672,0.920792,0.951436,0.048362,0.048343
MidWest,1,SON,2,9.000000,93,8,1674,4981672,0.920792,0.947368,0.052394,0.052375
MidWest,1,SON,2,9.500000,93,8,1565,4981672,0.920792,0.943908,0.055822,0.055803
MidWest,1,SON,2,10.000000,89,12,1452,4981672,0.881188,0.942245,0.057308,0.057289
MidWest,1,SON,2,10.500000,88,13,1346,4981672,0.871287,0.938633,0.060815,0.060797
MidWest,1,SON,2,11.000000,88,13,1236,4981672,0.871287,0.933535,0.065819,0.065800
MidWest,1,SON,2,11.500000,86,15,1153,4981672,0.851485,0.930589,0.068581,0.068562
MidWest,1,SON,2,12.000000,86,15,1068,4981672,0.851485,0.925477,0.073567,0.073549
MidWest,1,DJF,3,0.500000,35,0,4728,2393908,1.000000,0.992652,0.007348,0.007334
MidWest,1,DJF,3,1.000000,35,0,2967,2393908,1.000000,0.988341,0.011659,0.011644
MidWest,1,DJF,3,1.500000,35,0,2012,2393908,1.000000,0.982902,0.017098,0.017084
MidWest,1,DJF,3,2.000000,35,0,1448,2393908,1.000000,0.976399,0.023601,0.023587
MidWest,1,DJF,3,2.500000,34,1,1121,2393908,0.971429,0.970563,0.029412,0.029398
MidWest,1,DJF,3,3.000000,32,3,871,2393908,0.914286,0.964563,0.035320,0.035306
MidWest,1,DJF,3,3.500000,31,4,700,2393908,0.885714,0.957592,0.042177,0.042163
MidWest,1,DJF,3,4.000000,30,5,567,2393908,0.857143,0.949749,0.049834,0.049820
MidWest,1,DJF,3,4.500000,30,5,476,2393908,0.857143,0.940711,0.058708,0.058695
MidWest,1,DJF,3,5.000000,29,6,416,2393908,0.828571,0.934831,0.064302,0.064288
MidWest,1,DJF,3,5.500000,29,6,358,2393908,0.828571,0.925065,0.073791,0.073778
MidWest,1,DJF,3,6.000000,29,6,309,2393908,0.828571,0.914201,0.084302,0.084289
MidWest,1,DJF,3,6.500000,28,7,272,2393908,0.800000,0.906667,0.091205,0.091192
MidWest,1,DJF,3,7.000000,25,10,234,2393908,0.714286,0.903475,0.092937,0.092924
MidWest,1,DJF,3,7.500000,23,12,203,2393908,0.657143,0.898230,0.096639,0.096626
MidWest,1,DJF,3,8.000000,22,13,176,2393908,0.628571,0.888889,0.104265,0.104253
MidWest,1,DJF,3,8.500000,22,13,155,2393908,0.628571,0.875706,0.115789,0.115777
MidWest,1,DJF,3,9.000000,21,14,134,2393908,0.600000,0.864516,0.124260,0.124249
MidWest,1,DJF,3,9.500000,19,16,120,2393908,0.542857,0.863309,0.122581,0.122569
MidWest,1,DJF,3,10.000000,17,18,106,2393908,0.485714,0.861789,0.120567,0.120556
MidWest,1,DJF,3,10.500000,17,18,96,2393908,0.485714,0.849558,0.129771,0.129760
MidWest,1,DJF,3,11.000000,16,19,90,2393908,0.457143,0.849057,0.128000,0.127989
MidWest,1,DJF,3,11.500000,16,19,81,2393908,0.457143,0.835052,0.137931,0.137920
MidWest,1,DJF,3,12.000000,13,22,74,2393908,0.371429,0.850575,0.119266,0.119256
MidWest,1,MAM,4,0.500000,114,3,16162,5123278,0.974359,0.992996,0.007003,0.006980
MidWest,1,MAM,4,1.000000,113,4,11731,5123278,0.965812,0.990459,0.009537,0.009515
MidWest,1,MAM,4,1.500000,113,4,9162,5123278,0.965812,0.987817,0.012178,0.012156
MidWest,1,MAM,4,2.000000,113,4,7383,5123278,0.965812,0.984925,0.015067,0.015044
MidWest,1,MAM,4,2.500000,112,5,6114,5123278,0.957265,0.982011,0.017975,0.017952
MidWest,1,MAM,4,3.000000,111,6,5159,5123278,0.948718,0.978937,0.021039,0.021016
MidWest,1,MAM,4,3.500000,109,8,4434,5123278,0.931624,0.976007,0.023951,0.023929
MidWest,1,MAM,4,4.000000,109,8,3834,5123278,0.931624,0.972356,0.027588,0.027566
MidWest,1,MAM,4,4.500000,109,8,3349,5123278,0.931624,0.968479,0.031448,0.031426
MidWest,1,MAM,4,5.000000,109,8,2938,5123278,0.931624,0.964227,0.035679,0.035657
MidWest,1,MAM,4,5.500000,108,9,2584,5123278,0.923077,0.959881,0.039985,0.039963
MidWest,1,MAM,4,6.000000,108,9,2284,5123278,0.923077,0.954849,0.044981,0.044960
MidWest,1,MAM,4,6.500000,106,11,2020,5123278,0.905983,0.950141,0.049602,0.049581
MidWest,1,MAM,4,7.000000,104,13,1796,5123278,0.888889,0.945263,0.054365,0.054343
MidWest,1,MAM,4,7.500000,102,15,1617,5123278,0.871795,0.940663,0.058824,0.058802
MidWest,1,MAM,4,8.000000,99,18,1460,5123278,0.846154,0.936498,0.062777,0.062756
MidWest,1,MAM,4,8.500000,98,19,1314,5123278,0.837607,0.930595,0.068484,0.068463
MidWest,1,MAM,4,9.000000,95,22,1181,5123278,0.811966,0.925549,0.073190,0.073169
MidWest,1,MAM,4,9.500000,93,24,1048,5123278,0.794872,0.918493,0.079828,0.079808
MidWest,1,MAM,4,10.000000,92,25,950,5123278,0.786325,0.911708,0.086223,0.086203
MidWest,1,MAM,4,10.500000,92,25,863,5123278,0.786325,0.903665,0.093878,0.093857
MidWest,1,MAM,4,11.000000,87,30,781,5123278,0.743590,0.899770,0.096882,0.096862
MidWest,1,MAM,4,11.500000,82,35,680,5123278,0.700855,0.892388,0.102886,0.102866
MidWest,1,MAM,4,12.000000,79,38,607,5123278,0.675214,0.884840,0.109116,0.109097
MidWest,1,All,5,0.500000,447,5,56282,16974448,0.988938,0.992120,0.007879,0.007853
MidWest,1,All,5,1.000000,446,6,42446,16974448,0.986726,0.989602,0.010397,0.010370
MidWest,1,All,5,1.500000,444,8,34675,16974448,0.982301,0.987357,0.012640,0.012614
MidWest,1,All,5,2.000000,444,8,29417,16974448,0.982301,0.985131,0.014865,0.014839
MidWest,1,All,5,2.500000,442,10,25640,16974448,0.977876,0.983053,0.016940,0.016914
MidWest,1,All,5,3.000000,437,15,22733,16974448,0.966814,0.981139,0.018848,0.018822
MidWest,1,All,5,3.500000,433,19,20367,16974448,0.957965,0.979183,0.020798,0.020772
MidWest,1,All,5,4.000000,430,22,18372,16974448,0.951327,0.977130,0.022843,0.022817
MidWest,1,All,5,4.500000,429,23,16693,16974448,0.949115,0.974945,0.025022,0.024996
MidWest,1,All,5,5.000000,428,24,15244,16974448,0.946903,0.972690,0.027268,0.027242
MidWest,1,All,5,5.500000,426,26,13962,16974448,0.942478,0.970392,0.029555,0.029529
MidWest,1,All,5,6.000000,423,29,12757,16974448,0.935841,0.967906,0.032024,0.031998
MidWest,1,All,5,6.500000,420,32,11738,16974448,0.929204,0.965455,0.034454,0.034429
MidWest,1,All,5,7.000000,412,40,10772,16974448,0.911504,0.963162,0.036707,0.036682
MidWest,1,All,5,7.500000,407,45,9972,16974448,0.900442,0.960786,0.039045,0.039019
MidWest,1,All,5,8.000000,400,52,9187,16974448,0.884956,0.958277,0.041498,0.041473
MidWest,1,All,5,8.500000,397,55,8496,16974448,0.878319,0.955358,0.044367,0.044342
MidWest,1,All,5,9.000000,393,59,7830,16974448,0.869469,0.952207,0.047452,0.047427
MidWest,1,All,5,9.500000,389,63,7238,16974448,0.860619,0.948997,0.050585,0.050560
MidWest,1,All,5,10.000000,379,73,6653,16974448,0.838496,0.946104,0.053343,0.053318
MidWest,1,All,5,10.500000,375,77,6145,16974448,0.829646,0.942485,0.056844,0.056819
MidWest,1,All,5,11.000000,368,84,5672,16974448,0.814159,0.939073,0.060091,0.060067
MidWest,1,All,5,11.500000,358,94,5227,16974448,0.792035,0.935900,0.063039,0.063015
MidWest,1,All,5,12.000000,350,102,4805,16974448,0.774336,0.932105,0.066578,0.066554
Pacific,2,JJA,1,0.500000,0,0,947,4475590,NaN,1.000000,0.000000,0.000000
Pacific,2,JJA,1,1.000000,0,0,706,4475590,NaN,1.000000,0.000000,0.000000
Pacific,2,JJA,1,1.500000,0,0,568,4475590,NaN,1.000000,0.000000,0.000000
Pacific,2,JJA,1,2.000000,0,0,494,4475590,NaN,1.000000,0.000000,0.000000
Pacific,2,JJA,1,2.500000,0,0,426,4475590,NaN,1.000000,0.000000,0.000000
Pacific,2,JJA,1,3.000000,0,0,371,4475590,NaN,1.000000,0.000000,0.000000
Pacific,2,JJA,1,3.500000,0,0,327,4475590,NaN,1.000000,0.000000,0.000000
Pacific,2,JJA,1,4.000000,0,0,294,4475590,NaN,1.000000,0.000000,0.000000
Pacific,2,JJA,1,4.500000,0,0,260,4475590,NaN,1.000000,0.000000,0.000000
Pacific,2,JJA,1,5.000000,0,0,234,4475590,NaN,1.000000,0.000000,0.000000
Pacific,2,JJA,1,5.500000,0,0,213,4475590,NaN,1.000000,0.000000,0.000000
Pacific,2,JJA,1,6.000000,0,0,197,4475590,NaN,1.000000,0.000000,0.000000
Pacific,2,JJA,1,6.500000,0,0,176,4475590,NaN,1.000000,0.000000,0.000000
Pacific,2,JJA,1,7.000000,0,0,164,4475590,NaN,1.000000,0.000000,0.000000
Pacific,2,JJA,1,7.500000,0,0,145,4475590,NaN,1.000000,0.000000,0.000000
Pacific,2,JJA,1,8.000000,0,0,132,4475590,NaN,1.000000,0.000000,0.000000
Pacific,2,JJA,1,8.500000,0,0,121,4475590,NaN,1.000000,0.000000,0.000000
Pacific,2,JJA,1,9.000000,0,0,112,4475590,NaN,1.000000,0.000000,0.000000
Pacific,2,JJA,1,9.500000,0,0,101,4475590,NaN,1.000000,0.000000,0.000000
Pacific,2,JJA,1,10.000000,0,0,91,4475590,NaN,1.000000,0.000000,0.000000
Pacific,2,JJA,1,10.500000,0,0,82,4475590,NaN,1.000000,0.000000,0.000000
Pacific,2,JJA,1,11.000000,0,0,74,4475590,NaN,1.000000,0.000000,0.000000
Pacific,2,JJA,1,11.500000,0,0,68,4475590,NaN,1.000000,0.000000,0.000000
Pacific,2,JJA,1,12.000000,0,0,63,4475590,NaN,1.000000,0.000000,0.000000
Pacific,2,SON,2,0.500000,2,0,2053,4981672,1.000000,0.999027,0.000973,0.000973
Pacific,2,SON,2,1.000000,2,0,1541,4981672,1.000000,0.998704,0.001296,0.001296
Pacific,2,SON,2,1.500000,2,0,1172,4981672,1.000000,0.998296,0.001704,0.001703
Pacific,2,SON,2,2.000000,2,0,865,4981672,1.000000,0.997693,0.002307,0.002306
Pacific,2,SON,2,2.500000,2,0,684,4981672,1.000000,0.997085,0.002915,0.002915
Pacific,2,SON,2,3.000000,2,0,547,4981672,1.000000,0.996357,0.003643,0.003643
Pacific,2,SON,2,3.500000,2,0,446,4981672,1.000000,0.995536,0.004464,0.004464
Pacific,2,SON,2,4.000000,2,0,369,4981672,1.000000,0.994609,0.005391,0.005390
Pacific,2,SON,2,4.500000,2,0,312,4981672,1.000000,0.993631,0.006369,0.006369
Pacific,2,SON,2,5.000000,2,0,255,4981672,1.000000,0.992218,0.007782,0.007782
Pacific,2,SON,2,5.500000,2,0,205,4981672,1.000000,0.990338,0.009662,0.009661
Pacific,2,SON,2,6.000000,2,0,175,4981672,1.000000,0.988701,0.011299,0.011299
Pacific,2,SON,2,6.500000,2,0,152,4981672,1.000000,0.987013,0.012987,0.012987
Pacific,2,SON,2,7.000000,2,0,135,4981672,1.000000,0.985401,0.014599,0.014598
Pacific,2,SON,2,7.500000,2,0,115,4981672,1.000000,0.982906,0.017094,0.017094
Pacific,2,SON,2,8.000000,2,0,106,4981672,1.000000,0.981481,0.018519,0.018518
Pacific,2,SON,2,8.500000,1,1,92,4981672,0.500000,0.989247,0.010638,0.010638
Pacific,2,SON,2,9.000000,1,1,86,4981672,0.500000,0.988506,0.011364,0.011363
Pacific,2,SON,2,9.500000,1,1,78,4981672,0.500000,0.987342,0.012500,0.012500
Pacific,2,SON,2,10.000000,1,1,70,4981672,0.500000,0.985915,0.013889,0.013888
Pacific,2,SON,2,10.500000,1,1,65,4981672,0.500000,0.984848,0.014925,0.014925
Pacific,2,SON,2,11.000000,1,1,53,4981672,0.500000,0.981481,0.018182,0.018181
Pacific,2,SON,2,11.500000,1,1,51,4981672,0.500000,0.980769,0.018868,0.018868
Pacific,2,SON,2,12.000000,1,1,44,4981672,0.500000,0.977778,0.021739,0.021739
Pacific,2,DJF,3,0.500000,1,0,2049,2393908,1.000000,0.999512,0.000488,0.000487
Pacific,2,DJF,3,1.000000,1,0,1364,2393908,1.000000,0.999267,0.000733,0.000732
Pacific,2,DJF,3,1.500000,1,0,935,2393908,1.000000,0.998932,0.001068,0.001068
Pacific,2,DJF,3,2.000000,1,0,639,2393908,1.000000,0.998437,0.001563,0.001562
Pacific,2,DJF,3,2.500000,1,0,483,2393908,1.000000,0.997934,0.002066,0.002066
Pacific,2,DJF,3,3.000000,1,0,349,2393908,1.000000,0.997143,0.002857,0.002857
Pacific,2,DJF,3,3.500000,1,0,266,2393908,1.000000,0.996255,0.003745,0.003745
Pacific,2,DJF,3,4.000000,1,0,219,2393908,1.000000,0.995455,0.004545,0.004545
Pacific,2,DJF,3,4.500000,1,0,171,2393908,1.000000,0.994186,0.005814,0.005814
Pacific,2,DJF,3,5.000000,1,0,146,2393908,1.000000,0.993197,0.006803,0.006802
Pacific,2,DJF,3,5.500000,1,0,120,2393908,1.000000,0.991736,0.008264,0.008264
Pacific,2,DJF,3,6.000000,1,0,102,2393908,1.000000,0.990291,0.009709,0.009708
Pacific,2,DJF,3,6.500000,1,0,87,2393908,1.000000,0.988636,0.011364,0.011363
Pacific,2,DJF,3,7.000000,1,0,80,2393908,1.000000,0.987654,0.012346,0.012345
Pacific,2,DJF,3,7.500000,1,0,76,2393908,1.000000,0.987013,0.012987,0.012987
Pacific,2,DJF,3,8.000000,1,0,69,2393908,1.000000,0.985714,0.014286,0.014285
Pacific,2,DJF,3,8.500000,0,1,67,2393908,0.000000,1.000000,0.000000,-0.000000
Pacific,2,DJF,3,9.000000,0,1,59,2393908,0.000000,1.000000,0.000000,-0.000000
Pacific,2,DJF,3,9.500000,0,1,56,2393908,0.000000,1.000000,0.000000,-0.000000
Pacific,2,DJF,3,10.000000,0,1,53,2393908,0.000000,1.000000,0.000000,-0.000000
Pacific,2,DJF,3,10.500000,0,1,50,2393908,0.000000,1.000000,0.000000,-0.000000
Pacific,2,DJF,3,11.000000,0,1,46,2393908,0.000000,1.000000,0.000000,-0.000000
Pacific,2,DJF,3,11.500000,0,1,42,2393908,0.000000,1.000000,0.000000,-0.000000
Pacific,2,DJF,3,12.000000,0,1,40,2393908,0.000000,1.000000,0.000000,-0.000000
Pacific,2,MAM,4,0.500000,4,1,3195,5123278,0.800000,0.998750,0.001250,0.001249
Pacific,2,MAM,4,1.000000,4,1,2099,5123278,0.800000,0.998098,0.001901,0.001900
Pacific,2,MAM,4,1.500000,4,1,1468,5123278,0.800000,0.997283,0.002716,0.002715
Pacific,2,MAM,4,2.000000,4,1,1048,5123278,0.800000,0.996198,0.003799,0.003798
Pacific,2,MAM,4,2.500000,4,1,784,5123278,0.800000,0.994924,0.005070,0.005069
Pacific,2,MAM,4,3.000000,3,2,623,5123278,0.600000,0.995208,0.004777,0.004776
Pacific,2,MAM,4,3.500000,3,2,507,5123278,0.600000,0.994118,0.005859,0.005858
Pacific,2,MAM,4,4.000000,3,2,403,5123278,0.600000,0.992611,0.007353,0.007352
Pacific,2,MAM,4,4.500000,3,2,343,5123278,0.600000,0.991329,0.008621,0.008620
Pacific,2,MAM,4,5.000000,3,2,281,5123278,0.600000,0.989437,0.010490,0.010489
Pacific,2,MAM,4,5.500000,3,2,235,5123278,0.600000,0.987395,0.012500,0.012499
Pacific,2,MAM,4,6.000000,3,2,200,5123278,0.600000,0.985222,0.014634,0.014633
Pacific,2,MAM,4,6.500000,3,2,178,5123278,0.600000,0.983425,0.016393,0.016392
Pacific,2,MAM,4,7.000000,3,2,148,5123278,0.600000,0.980132,0.019608,0.019607
Pacific,2,MAM,4,7.500000,3,2,135,5123278,0.600000,0.978261,0.021429,0.021428
Pacific,2,MAM,4,8.000000,3,2,119,5123278,0.600000,0.975410,0.024194,0.024193
Pacific,2,MAM,4,8.500000,3,2,107,5123278,0.600000,0.972727,0.026786,0.026785
Pacific,2,MAM,4,9.000000,3,2,98,5123278,0.600000,0.970297,0.029126,0.029125
Pacific,2,MAM,4,9.500000,3,2,91,5123278,0.600000,0.968085,0.031250,0.031249
Pacific,2,MAM,4,10.000000,3,2,83,5123278,0.600000,0.965116,0.034091,0.034090
Pacific,2,MAM,4,10.500000,3,2,74,5123278,0.600000,0.961039,0.037975,0.037974
Pacific,2,MAM,4,11.000000,3,2,66,5123278,0.600000,0.956522,0.042254,0.042253
Pacific,2,MAM,4,11.500000,2,3,58,5123278,0.400000,0.966667,0.031746,0.031745
Pacific,2,MAM,4,12.000000,2,3,53,5123278,0.400000,0.963636,0.034483,0.034482
Pacific,2,All,5,0.500000,7,1,8244,16974448,0.875000,0.999152,0.000848,0.000848
Pacific,2,All,5,1.000000,7,1,5710,16974448,0.875000,0.998776,0.001224,0.001224
Pacific,2,All,5,1.500000,7,1,4143,16974448,0.875000,0.998313,0.001686,0.001686
Pacific,2,All,5,2.000000,7,1,3046,16974448,0.875000,0.997707,0.002292,0.002292
Pacific,2,All,5,2.500000,7,1,2377,16974448,0.875000,0.997064,0.002935,0.002935
Pacific,2,All,5,3.000000,6,2,1890,16974448,0.750000,0.996835,0.003161,0.003161
Pacific,2,All,5,3.500000,6,2,1546,16974448,0.750000,0.996134,0.003861,0.003861
Pacific,2,All,5,4.000000,6,2,1285,16974448,0.750000,0.995352,0.004640,0.004640
Pacific,2,All,5,4.500000,6,2,1086,16974448,0.750000,0.994505,0.005484,0.005484
Pacific,2,All,5,5.000000,6,2,916,16974448,0.750000,0.993492,0.006494,0.006493
Pacific,2,All,5,5.500000,6,2,773,16974448,0.750000,0.992298,0.007682,0.007682
Pacific,2,All,5,6.000000,6,2,674,16974448,0.750000,0.991176,0.008798,0.008797
Pacific,2,All,5,6.500000,6,2,593,16974448,0.750000,0.989983,0.009983,0.009983
Pacific,2,All,5,7.000000,6,2,527,16974448,0.750000,0.988743,0.011215,0.011214
Pacific,2,All,5,7.500000,6,2,471,16974448,0.750000,0.987421,0.012526,0.012526
Pacific,2,All,5,8.000000,6,2,426,16974448,0.750000,0.986111,0.013825,0.013824
Pacific,2,All,5,8.500000,4,4,387,16974448,0.500000,0.989770,0.010127,0.010126
Pacific,2,All,5,9.000000,4,4,355,16974448,0.500000,0.988858,0.011019,0.011019
Pacific,2,All,5,9.500000,4,4,326,16974448,0.500000,0.987879,0.011976,0.011976
Pacific,2,All,5,10.000000,4,4,297,16974448,0.500000,0.986711,0.013115,0.013114
Pacific,2,All,5,10.500000,4,4,271,16974448,0.500000,0.985455,0.014337,0.014336
Pacific,2,All,5,11.000000,4,4,239,16974448,0.500000,0.983539,0.016194,0.016194
Pacific,2,All,5,11.500000,3,5,219,16974448,0.375000,0.986486,0.013216,0.013215
Pacific,2,All,5,12.000000,3,5,200,16974448,0.375000,0.985222,0.014423,0.014423
Rockies,3,JJA,1,0.500000,14,0,3987,4475590,1.000000,0.996501,0.003499,0.003496
Rockies,3,JJA,1,1.000000,14,0,2908,4475590,1.000000,0.995209,0.004791,0.004788
Rockies,3,JJA,1,1.500000,14,0,2366,4475590,1.000000,0.994118,0.005882,0.005879
Rockies,3,JJA,1,2.000000,13,1,1959,4475590,0.928571,0.993408,0.006589,0.006586
Rockies,3,JJA,1,2.500000,13,1,1661,4475590,0.928571,0.992234,0.007761,0.007758
Rockies,3,JJA,1,3.000000,12,2,1418,4475590,0.857143,0.991608,0.008380,0.008377
Rockies,3,JJA,1,3.500000,12,2,1255,4475590,0.857143,0.990529,0.009456,0.009453
Rockies,3,JJA,1,4.000000,11,3,1114,4475590,0.785714,0.990222,0.009752,0.009749
Rockies,3,JJA,1,4.500000,10,4,985,4475590,0.714286,0.989950,0.010010,0.010007
Rockies,3,JJA,1,5.000000,10,4,888,4475590,0.714286,0.988864,0.011086,0.011083
Rockies,3,JJA,1,5.500000,10,4,785,4475590,0.714286,0.987421,0.012516,0.012513
Rockies,3,JJA,1,6.000000,10,4,708,4475590,0.714286,0.986072,0.013850,0.013847
Rockies,3,JJA,1,6.500000,10,4,639,4475590,0.714286,0.984592,0.015314,0.015311
Rockies,3,JJA,1,7.000000,9,5,577,4475590,0.642857,0.984642,0.015228,0.015225
Rockies,3,JJA,1,7.500000,9,5,519,4475590,0.642857,0.982955,0.016886,0.016883
Rockies,3,JJA,1,8.000000,8,6,468,4475590,0.571429,0.983193,0.016598,0.016594
Rockies,3,JJA,1,8.500000,7,7,407,4475590,0.500000,0.983092,0.016627,0.016624
Rockies,3,JJA,1,9.000000,7,7,372,4475590,0.500000,0.981530,0.018135,0.018132
Rockies,3,JJA,1,9.500000,7,7,338,4475590,0.500000,0.979710,0.019886,0.019883
Rockies,3,JJA,1,10.000000,7,7,309,4475590,0.500000,0.977848,0.021672,0.021669
Rockies,3,JJA,1,10.500000,7,7,279,4475590,0.500000,0.975524,0.023891,0.023888
Rockies,3,JJA,1,11.000000,7,7,252,4475590,0.500000,0.972973,0.026316,0.026313
Rockies,3,JJA,1,11.500000,7,7,229,4475590,0.500000,0.970339,0.028807,0.028804
Rockies,3,JJA,1,12.000000,7,7,210,4475590,0.500000,0.967742,0.031250,0.031247
Rockies,3,SON,2,0.500000,0,0,2510,4981672,NaN,1.000000,0.000000,0.000000
Rockies,3,SON,2,1.000000,0,0,1387,4981672,NaN,1.000000,0.000000,0.000000
Rockies,3,SON,2,1.500000,0,0,896,4981672,NaN,1.000000,0.000000,0.000000
Rockies,3,SON,2,2.000000,0,0,594,4981672,NaN,1.000000,0.000000,0.000000
Rockies,3,SON,2,2.500000,0,0,410,4981672,NaN,1.000000,0.000000,0.000000
Rockies,3,SON,2,3.000000,0,0,307,4981672,NaN,1.000000,0.000000,0.000000
Rockies,3,SON,2,3.500000,0,0,253,4981672,NaN,1.000000,0.000000,0.000000
Rockies,3,SON,2,4.000000,0,0,223,4981672,NaN,1.000000,0.000000,0.000000
Rockies,3,SON,2,4.500000,0,0,204,4981672,NaN,1.000000,0.000000,0.000000
Rockies,3,SON,2,5.000000,0,0,178,4981672,NaN,1.000000,0.000000,0.000000
Rockies,3,SON,2,5.500000,0,0,164,4981672,NaN,1.000000,0.000000,0.000000
Rockies,3,SON,2,6.000000,0,0,151,4981672,NaN,1.000000,0.000000,0.000000
Rockies,3,SON,2,6.500000,0,0,135,4981672,NaN,1.000000,0.000000,0.000000
Rockies,3,SON,2,7.000000,0,0,124,4981672,NaN,1.000000,0.000000,0.000000
Rockies,3,SON,2,7.500000,0,0,116,4981672,NaN,1.000000,0.000000,0.000000
Rockies,3,SON,2,8.000000,0,0,105,4981672,NaN,1.000000,0.000000,0.000000
Rockies,3,SON,2,8.500000,0,0,94,4981672,NaN,1.000000,0.000000,0.000000
Rockies,3,SON,2,9.000000,0,0,90,4981672,NaN,1.000000,0.000000,0.000000
Rockies,3,SON,2,9.500000,0,0,85,4981672,NaN,1.000000,0.000000,0.000000
Rockies,3,SON,2,10.000000,0,0,76,4981672,NaN,1.000000,0.000000,0.000000
Rockies,3,SON,2,10.500000,0,0,70,4981672,NaN,1.000000,0.000000,0.000000
Rockies,3,SON,2,11.000000,0,0,67,4981672,NaN,1.000000,0.000000,0.000000
Rockies,3,SON,2,11.500000,0,0,65,4981672,NaN,1.000000,0.000000,0.000000
Rockies,3,SON,2,12.000000,0,0,61,4981672,NaN,1.000000,0.000000,0.000000
Rockies,3,DJF,3,0.500000,0,0,1487,2393908,NaN,1.000000,0.000000,0.000000
Rockies,3,DJF,3,1.000000,0,0,851,2393908,NaN,1.000000,0.000000,0.000000
Rockies,3,DJF,3,1.500000,0,0,567,2393908,NaN,1.000000,0.000000,0.000000
Rockies,3,DJF,3,2.000000,0,0,407,2393908,NaN,1.000000,0.000000,0.000000
Rockies,3,DJF,3,2.500000,0,0,285,2393908,NaN,1.000000,0.000000,0.000000
Rockies,3,DJF,3,3.000000,0,0,195,2393908,NaN,1.000000,0.000000,0.000000
Rockies,3,DJF,3,3.500000,0,0,155,2393908,NaN,1.000000,0.000000,0.000000
Rockies,3,DJF,3,4.000000,0,0,128,2393908,NaN,1.000000,0.000000,0.000000
Rockies,3,DJF,3,4.500000,0,0,120,2393908,NaN,1.000000,0.000000,0.000000
Rockies,3,DJF,3,5.000000,0,0,103,2393908,NaN,1.000000,0.000000,0.000000
Rockies,3,DJF,3,5.500000,0,0,94,2393908,NaN,1.000000,0.000000,0.000000
Rockies,3,DJF,3,6.000000,0,0,88,2393908,NaN,1.000000,0.000000,0.000000
Rockies,3,DJF,3,6.500000,0,0,84,2393908,NaN,1.000000,0.000000,0.000000
Rockies,3,DJF,3,7.000000,0,0,78,2393908,NaN,1.000000,0.000000,0.000000
Rockies,3,DJF,3,7.500000,0,0,77,2393908,NaN,1.000000,0.000000,0.000000
Rockies,3,DJF,3,8.000000,0,0,76,2393908,NaN,1.000000,0.000000,0.000000
Rockies,3,DJF,3,8.500000,0,0,71,2393908,NaN,1.000000,0.000000,0.000000
Rockies,3,DJF,3,9.000000,0,0,69,2393908,NaN,1.000000,0.000000,0.000000
Rockies,3,DJF,3,9.500000,0,0,69,2393908,NaN,1.000000,0.000000,0.000000
Rockies,3,DJF,3,10.000000,0,0,66,2393908,NaN,1.000000,0.000000,0.000000
Rockies,3,DJF,3,10.500000,0,0,63,2393908,NaN,1.000000,0.000000,0.000000
Rockies,3,DJF,3,11.000000,0,0,63,2393908,NaN,1.000000,0.000000,0.000000
Rockies,3,DJF,3,11.500000,0,0,60,2393908,NaN,1.000000,0.000000,0.000000
Rockies,3,DJF,3,12.000000,0,0,58,2393908,NaN,1.000000,0.000000,0.000000
Rockies,3,MAM,4,0.500000,5,0,4206,5123278,1.000000,0.998813,0.001187,0.001186
Rockies,3,MAM,4,1.000000,5,0,2501,5123278,1.000000,0.998005,0.001995,0.001994
Rockies,3,MAM,4,1.500000,4,1,1707,5123278,0.800000,0.997662,0.002336,0.002335
Rockies,3,MAM,4,2.000000,4,1,1247,5123278,0.800000,0.996803,0.003195,0.003194
Rockies,3,MAM,4,2.500000,4,1,1010,5123278,0.800000,0.996055,0.003941,0.003940
Rockies,3,MAM,4,3.000000,4,1,852,5123278,0.800000,0.995327,0.004667,0.004666
Rockies,3,MAM,4,3.500000,4,1,743,5123278,0.800000,0.994645,0.005348,0.005347
Rockies,3,MAM,4,4.000000,4,1,652,5123278,0.800000,0.993902,0.006088,0.006087
Rockies,3,MAM,4,4.500000,4,1,568,5123278,0.800000,0.993007,0.006981,0.006980
Rockies,3,MAM,4,5.000000,4,1,491,5123278,0.800000,0.991919,0.008065,0.008064
Rockies,3,MAM,4,5.500000,4,1,438,5123278,0.800000,0.990950,0.009029,0.009028
Rockies,3,MAM,4,6.000000,4,1,383,5123278,0.800000,0.989664,0.010309,0.010308
Rockies,3,MAM,4,6.500000,4,1,340,5123278,0.800000,0.988372,0.011594,0.011593
Rockies,3,MAM,4,7.000000,4,1,305,5123278,0.800000,0.987055,0.012903,0.012902
Rockies,3,MAM,4,7.500000,4,1,274,5123278,0.800000,0.985612,0.014337,0.014336
Rockies,3,MAM,4,8.000000,4,1,247,5123278,0.800000,0.984064,0.015873,0.015872
Rockies,3,MAM,4,8.500000,4,1,227,5123278,0.800000,0.982684,0.017241,0.017240
Rockies,3,MAM,4,9.000000,4,1,213,5123278,0.800000,0.981567,0.018349,0.018348
Rockies,3,MAM,4,9.500000,4,1,195,5123278,0.800000,0.979899,0.020000,0.019999
Rockies,3,MAM,4,10.000000,3,2,177,5123278,0.600000,0.983333,0.016484,0.016483
Rockies,3,MAM,4,10.500000,3,2,168,5123278,0.600000,0.982456,0.017341,0.017340
Rockies,3,MAM,4,11.000000,3,2,160,5123278,0.600000,0.981595,0.018182,0.018181
Rockies,3,MAM,4,11.500000,3,2,146,5123278,0.600000,0.979866,0.019868,0.019867
Rockies,3,MAM,4,12.000000,3,2,138,5123278,0.600000,0.978723,0.020979,0.020978
Rockies,3,All,5,0.500000,19,0,12190,16974448,1.000000,0.998444,0.001556,0.001555
Rockies,3,All,5,1.000000,19,0,7647,16974448,1.000000,0.997522,0.002478,0.002477
Rockies,3,All,5,1.500000,18,1,5536,16974448,0.947368,0.996759,0.003240,0.003239
Rockies,3,All,5,2.000000,17,2,4207,16974448,0.894737,0.995975,0.004023,0.004022
Rockies,3,All,5,2.500000,17,2,3366,16974448,0.894737,0.994975,0.005022,0.005021
Rockies,3,All,5,3.000000,16,3,2772,16974448,0.842105,0.994261,0.005733,0.005732
Rockies,3,All,5,3.500000,16,3,2406,16974448,0.842105,0.993394,0.006598,0.006597
Rockies,3,All,5,4.000000,15,4,2117,16974448,0.789474,0.992964,0.007022,0.007021
Rockies,3,All,5,4.500000,14,5,1877,16974448,0.736842,0.992597,0.007384,0.007383
Rockies,3,All,5,5.000000,14,5,1660,16974448,0.736842,0.991637,0.008338,0.008337
Rockies,3,All,5,5.500000,14,5,1481,16974448,0.736842,0.990635,0.009333,0.009332
Rockies,3,All,5,6.000000,14,5,1330,16974448,0.736842,0.989583,0.010378,0.010377
Rockies,3,All,5,6.500000,14,5,1198,16974448,0.736842,0.988449,0.011504,0.011503
Rockies,3,All,5,7.000000,13,6,1084,16974448,0.684211,0.988149,0.011786,0.011785
Rockies,3,All,5,7.500000,13,6,986,16974448,0.684211,0.986987,0.012935,0.012934
Rockies,3,All,5,8.000000,12,7,896,16974448,0.631579,0.986784,0.013115,0.013114
Rockies,3,All,5,8.500000,11,8,799,16974448,0.578947,0.986420,0.013447,0.013446
Rockies,3,All,5,9.000000,11,8,744,16974448,0.578947,0.985430,0.014417,0.014416
Rockies,3,All,5,9.500000,11,8,687,16974448,0.578947,0.984241,0.015581,0.015580
Rockies,3,All,5,10.000000,10,9,628,16974448,0.526316,0.984326,0.015456,0.015455
Rockies,3,All,5,10.500000,10,9,580,16974448,0.526316,0.983051,0.016694,0.016693
Rockies,3,All,5,11.000000,10,9,542,16974448,0.526316,0.981884,0.017825,0.017824
Rockies,3,All,5,11.500000,10,9,500,16974448,0.526316,0.980392,0.019268,0.019267
Rockies,3,All,5,12.000000,10,9,467,16974448,0.526316,0.979036,0.020576,0.020575
SouthGreatPlains,4,JJA,1,0.500000,58,0,12511,4475590,1.000000,0.995385,0.004615,0.004602
SouthGreatPlains,4,JJA,1,1.000000,58,0,10326,4475590,1.000000,0.994414,0.005586,0.005573
SouthGreatPlains,4,JJA,1,1.500000,58,0,9039,4475590,1.000000,0.993624,0.006376,0.006363
SouthGreatPlains,4,JJA,1,2.000000,58,0,8082,4475590,1.000000,0.992875,0.007125,0.007112
SouthGreatPlains,4,JJA,1,2.500000,58,0,7365,4475590,1.000000,0.992186,0.007814,0.007801
SouthGreatPlains,4,JJA,1,3.000000,58,0,6699,4475590,1.000000,0.991416,0.008584,0.008571
SouthGreatPlains,4,JJA,1,3.500000,58,0,6119,4475590,1.000000,0.990610,0.009390,0.009377
SouthGreatPlains,4,JJA,1,4.000000,58,0,5575,4475590,1.000000,0.989704,0.010296,0.010284
SouthGreatPlains,4,JJA,1,4.500000,58,0,5147,4475590,1.000000,0.988857,0.011143,0.011130
SouthGreatPlains,4,JJA,1,5.000000,58,0,4760,4475590,1.000000,0.987962,0.012038,0.012025
SouthGreatPlains,4,JJA,1,5.500000,58,0,4386,4475590,1.000000,0.986949,0.013051,0.013039
SouthGreatPlains,4,JJA,1,6.000000,58,0,4071,4475590,1.000000,0.985953,0.014047,0.014034
SouthGreatPlains,4,JJA,1,6.500000,58,0,3757,4475590,1.000000,0.984797,0.015203,0.015190
SouthGreatPlains,4,JJA,1,7.000000,58,0,3462,4475590,1.000000,0.983523,0.016477,0.016465
SouthGreatPlains,4,JJA,1,7.500000,58,0,3197,4475590,1.000000,0.982181,0.017819,0.017806
SouthGreatPlains,4,JJA,1,8.000000,58,0,2971,4475590,1.000000,0.980852,0.019148,0.019136
SouthGreatPlains,4,JJA,1,8.500000,57,1,2751,4475590,0.982759,0.979701,0.020292,0.020279
SouthGreatPlains,4,JJA,1,9.000000,56,2,2521,4475590,0.965517,0.978269,0.021714,0.021701
SouthGreatPlains,4,JJA,1,9.500000,56,2,2325,4475590,0.965517,0.976480,0.023500,0.023487
SouthGreatPlains,4,JJA,1,10.000000,56,2,2139,4475590,0.965517,0.974487,0.025489,0.025477
SouthGreatPlains,4,JJA,1,10.500000,56,2,1986,4475590,0.965517,0.972576,0.027397,0.027385
SouthGreatPlains,4,JJA,1,11.000000,54,4,1815,4475590,0.931034,0.971108,0.028831,0.028818
SouthGreatPlains,4,JJA,1,11.500000,54,4,1677,4475590,0.931034,0.968804,0.031124,0.031111
SouthGreatPlains,4,JJA,1,12.000000,54,4,1534,4475590,0.931034,0.965995,0.033920,0.033907
SouthGreatPlains,4,SON,2,0.500000,85,1,9293,4981672,0.988372,0.990936,0.009063,0.009046
SouthGreatPlains,4,SON,2,1.000000,83,3,7302,4981672,0.965116,0.988761,0.011234,0.011217
SouthGreatPlains,4,SON,2,1.500000,83,3,6242,4981672,0.965116,0.986877,0.013116,0.013099
SouthGreatPlains,4,SON,2,2.000000,83,3,5456,4981672,0.965116,0.985015,0.014977,0.014960
SouthGreatPlains,4,SON,2,2.500000,83,3,4903,4981672,0.965116,0.983353,0.016637,0.016620
SouthGreatPlains,4,SON,2,3.000000,83,3,4465,4981672,0.965116,0.981750,0.018238,0.018221
SouthGreatPlains,4,SON,2,3.500000,83,3,4062,4981672,0.965116,0.979976,0.020010,0.019993
SouthGreatPlains,4,SON,2,4.000000,82,4,3686,4981672,0.953488,0.978238,0.021739,0.021722
SouthGreatPlains,4,SON,2,4.500000,81,5,3373,4981672,0.941860,0.976549,0.023417,0.023400
SouthGreatPlains,4,SON,2,5.000000,80,6,3092,4981672,0.930233,0.974779,0.025173,0.025156
SouthGreatPlains,4,SON,2,5.500000,79,7,2839,4981672,0.918605,0.972927,0.027009,0.026992
SouthGreatPlains,4,SON,2,6.000000,75,11,2633,4981672,0.872093,0.972304,0.027584,0.027567
SouthGreatPlains,4,SON,2,6.500000,75,11,2412,4981672,0.872093,0.969843,0.030024,0.030007
SouthGreatPlains,4,SON,2,7.000000,73,13,2227,4981672,0.848837,0.968261,0.031561,0.031544
SouthGreatPlains,4,SON,2,7.500000,71,15,2043,4981672,0.825581,0.966414,0.033349,0.033332
SouthGreatPlains,4,SON,2,8.000000,70,16,1898,4981672,0.813953,0.964431,0.035282,0.035266
SouthGreatPlains,4,SON,2,8.500000,67,19,1790,4981672,0.779070,0.963920,0.035714,0.035698
SouthGreatPlains,4,SON,2,9.000000,66,20,1644,4981672,0.767442,0.961404,0.038150,0.038134
SouthGreatPlains,4,SON,2,9.500000,64,22,1515,4981672,0.744186,0.959468,0.039975,0.039959
SouthGreatPlains,4,SON,2,10.000000,63,23,1422,4981672,0.732558,0.957576,0.041777,0.041761
SouthGreatPlains,4,SON,2,10.500000,63,23,1296,4981672,0.732558,0.953642,0.045586,0.045570
SouthGreatPlains,4,SON,2,11.000000,62,24,1203,4981672,0.720930,0.950988,0.048099,0.048083
SouthGreatPlains,4,SON,2,11.500000,62,24,1108,4981672,0.720930,0.947009,0.051926,0.051910
SouthGreatPlains,4,SON,2,12.000000,62,24,1034,4981672,0.720930,0.943431,0.055357,0.055341
SouthGreatPlains,4,DJF,3,0.500000,5,0,1884,2393908,1.000000,0.997353,0.002647,0.002645
SouthGreatPlains,4,DJF,3,1.000000,5,0,1208,2393908,1.000000,0.995878,0.004122,0.004120
SouthGreatPlains,4,DJF,3,1.500000,5,0,838,2393908,1.000000,0.994069,0.005931,0.005929
SouthGreatPlains,4,DJF,3,2.000000,5,0,630,2393908,1.000000,0.992126,0.007874,0.007872
SouthGreatPlains,4,DJF,3,2.500000,5,0,479,2393908,1.000000,0.989669,0.010331,0.010329
SouthGreatPlains,4,DJF,3,3.000000,5,0,390,2393908,1.000000,0.987342,0.012658,0.012656
SouthGreatPlains,4,DJF,3,3.500000,5,0,324,2393908,1.000000,0.984802,0.015198,0.015196
SouthGreatPlains,4,DJF,3,4.000000,5,0,267,2393908,1.000000,0.981618,0.018382,0.018380
SouthGreatPlains,4,DJF,3,4.500000,5,0,233,2393908,1.000000,0.978992,0.021008,0.021006
SouthGreatPlains,4,DJF,3,5.000000,4,1,204,2393908,0.800000,0.980769,0.019139,0.019137
SouthGreatPlains,4,DJF,3,5.500000,3,2,173,2393908,0.600000,0.982955,0.016854,0.016852
SouthGreatPlains,4,DJF,3,6.000000,3,2,137,2393908,0.600000,0.978571,0.021127,0.021125
SouthGreatPlains,4,DJF,3,6.500000,2,3,124,2393908,0.400000,0.984127,0.015504,0.015502
SouthGreatPlains,4,DJF,3,7.000000,2,3,111,2393908,0.400000,0.982301,0.017241,0.017239
SouthGreatPlains,4,DJF,3,7.500000,2,3,100,2393908,0.400000,0.980392,0.019048,0.019046
SouthGreatPlains,4,DJF,3,8.000000,2,3,85,2393908,0.400000,0.977011,0.022222,0.022220
SouthGreatPlains,4,DJF,3,8.500000,2,3,72,2393908,0.400000,0.972973,0.025974,0.025972
SouthGreatPlains,4,DJF,3,9.000000,2,3,62,2393908,0.400000,0.968750,0.029851,0.029849
SouthGreatPlains,4,DJF,3,9.500000,2,3,58,2393908,0.400000,0.966667,0.031746,0.031744
SouthGreatPlains,4,DJF,3,10.000000,2,3,55,2393908,0.400000,0.964912,0.033333,0.033331
SouthGreatPlains,4,DJF,3,10.500000,2,3,53,2393908,0.400000,0.963636,0.034483,0.034481
SouthGreatPlains,4,DJF,3,11.000000,2,3,50,2393908,0.400000,0.961538,0.036364,0.036362
SouthGreatPlains,4,DJF,3,11.500000,1,4,43,2393908,0.200000,0.977273,0.020833,0.020831
SouthGreatPlains,4,DJF,3,12.000000,1,4,37,2393908,0.200000,0.973684,0.023810,0.023808
SouthGreatPlains,4,MAM,4,0.500000,165,0,9554,5123278,1.000000,0.983023,0.016977,0.016945
SouthGreatPlains,4,MAM,4,1.000000,165,0,7523,5123278,1.000000,0.978538,0.021462,0.021431
SouthGreatPlains,4,MAM,4,1.500000,165,0,6401,5123278,1.000000,0.974871,0.025129,0.025098
SouthGreatPlains,4,MAM,4,2.000000,165,0,5642,5123278,1.000000,0.971586,0.028414,0.028383
SouthGreatPlains,4,MAM,4,2.500000,165,0,5056,5123278,1.000000,0.968397,0.031603,0.031572
SouthGreatPlains,4,MAM,4,3.000000,164,1,4593,5123278,0.993939,0.965524,0.034468,0.034437
SouthGreatPlains,4,MAM,4,3.500000,164,1,4192,5123278,0.993939,0.962351,0.037641,0.037610
SouthGreatPlains,4,MAM,4,4.000000,164,1,3785,5123278,0.993939,0.958470,0.041519,0.041488
SouthGreatPlains,4,MAM,4,4.500000,164,1,3458,5123278,0.993939,0.954721,0.045266,0.045236
SouthGreatPlains,4,MAM,4,5.000000,164,1,3136,5123278,0.993939,0.950303,0.049682,0.049651
SouthGreatPlains,4,MAM,4,5.500000,163,2,2873,5123278,0.987879,0.946311,0.053654,0.053623
SouthGreatPlains,4,MAM,4,6.000000,162,3,2629,5123278,0.981818,0.941956,0.057981,0.057951
SouthGreatPlains,4,MAM,4,6.500000,160,5,2418,5123278,0.969697,0.937936,0.061943,0.061913
SouthGreatPlains,4,MAM,4,7.000000,158,7,2236,5123278,0.957576,0.934002,0.065806,0.065776
SouthGreatPlains,4,MAM,4,7.500000,158,7,2044,5123278,0.957576,0.928247,0.071526,0.071496
SouthGreatPlains,4,MAM,4,8.000000,156,9,1893,5123278,0.945455,0.923865,0.075802,0.075772
SouthGreatPlains,4,MAM,4,8.500000,154,11,1732,5123278,0.933333,0.918346,0.081181,0.081151
SouthGreatPlains,4,MAM,4,9.000000,152,13,1591,5123278,0.921212,0.912794,0.086560,0.086531
SouthGreatPlains,4,MAM,4,9.500000,151,14,1459,5123278,0.915152,0.906211,0.092980,0.092951
SouthGreatPlains,4,MAM,4,10.000000,148,17,1359,5123278,0.896970,0.901792,0.097113,0.097084
SouthGreatPlains,4,MAM,4,10.500000,147,18,1244,5123278,0.890909,0.894321,0.104329,0.104301
SouthGreatPlains,4,MAM,4,11.000000,144,21,1166,5123278,0.872727,0.890076,0.108189,0.108161
SouthGreatPlains,4,MAM,4,11.500000,137,28,1083,5123278,0.830303,0.887705,0.109776,0.109748
SouthGreatPlains,4,MAM,4,12.000000,136,29,975,5123278,0.824242,0.877588,0.119298,0.119271
SouthGreatPlains,4,All,5,0.500000,313,1,33242,16974448,0.996815,0.990672,0.009328,0.009309
SouthGreatPlains,4,All,5,1.000000,311,3,26359,16974448,0.990446,0.988339,0.011660,0.011641
SouthGreatPlains,4,All,5,1.500000,311,3,22520,16974448,0.990446,0.986378,0.013620,0.013602
SouthGreatPlains,4,All,5,2.000000,311,3,19810,16974448,0.990446,0.984544,0.015454,0.015436
SouthGreatPlains,4,All,5,2.500000,311,3,17803,16974448,0.990446,0.982831,0.017166,0.017148
SouthGreatPlains,4,All,5,3.000000,310,4,16147,16974448,0.987261,0.981163,0.018832,0.018814
SouthGreatPlains,4,All,5,3.500000,310,4,14697,16974448,0.987261,0.979343,0.020652,0.020633
SouthGreatPlains,4,All,5,4.000000,309,5,13313,16974448,0.984076,0.977316,0.022676,0.022658
SouthGreatPlains,4,All,5,4.500000,308,6,12211,16974448,0.980892,0.975397,0.024591,0.024573
SouthGreatPlains,4,All,5,5.000000,306,8,11192,16974448,0.974522,0.973387,0.026595,0.026577
SouthGreatPlains,4,All,5,5.500000,303,11,10271,16974448,0.964968,0.971345,0.028625,0.028607
SouthGreatPlains,4,All,5,6.000000,298,16,9470,16974448,0.949045,0.969492,0.030458,0.030440
SouthGreatPlains,4,All,5,6.500000,295,19,8711,16974448,0.939490,0.967244,0.032687,0.032669
SouthGreatPlains,4,All,5,7.000000,291,23,8036,16974448,0.926752,0.965053,0.034850,0.034833
SouthGreatPlains,4,All,5,7.500000,289,25,7384,16974448,0.920382,0.962335,0.037542,0.037524
SouthGreatPlains,4,All,5,8.000000,286,28,6847,16974448,0.910828,0.959905,0.039939,0.039921
SouthGreatPlains,4,All,5,8.500000,280,34,6345,16974448,0.891720,0.957736,0.042048,0.042031
SouthGreatPlains,4,All,5,9.000000,276,38,5818,16974448,0.878981,0.954710,0.045010,0.044992
SouthGreatPlains,4,All,5,9.500000,273,41,5357,16974448,0.869427,0.951510,0.048140,0.048122
SouthGreatPlains,4,All,5,10.000000,269,45,4975,16974448,0.856688,0.948703,0.050860,0.050843
SouthGreatPlains,4,All,5,10.500000,268,46,4579,16974448,0.853503,0.944708,0.054772,0.054755
SouthGreatPlains,4,All,5,11.000000,262,52,4234,16974448,0.834395,0.941726,0.057608,0.057591
SouthGreatPlains,4,All,5,11.500000,254,60,3911,16974448,0.808917,0.939016,0.060118,0.060101
SouthGreatPlains,4,All,5,12.000000,253,61,3580,16974448,0.805732,0.933994,0.064972,0.064955
NorthEast,5,JJA,1,0.500000,133,0,9502,4475590,1.000000,0.986196,0.013804,0.013775
NorthEast,5,JJA,1,1.000000,133,0,7765,4475590,1.000000,0.983160,0.016840,0.016811
NorthEast,5,JJA,1,1.500000,133,0,6830,4475590,1.000000,0.980899,0.019101,0.019072
NorthEast,5,JJA,1,2.000000,133,0,6170,4475590,1.000000,0.978899,0.021101,0.021072
NorthEast,5,JJA,1,2.500000,133,0,5624,4475590,1.000000,0.976898,0.023102,0.023073
NorthEast,5,JJA,1,3.000000,132,1,5182,4475590,0.992481,0.975160,0.024835,0.024806
NorthEast,5,JJA,1,3.500000,132,1,4777,4475590,0.992481,0.973111,0.026884,0.026855
NorthEast,5,JJA,1,4.000000,132,1,4432,4475590,0.992481,0.971078,0.028916,0.028887
NorthEast,5,JJA,1,4.500000,132,1,4109,4475590,0.992481,0.968875,0.031117,0.031089
NorthEast,5,JJA,1,5.000000,131,2,3841,4475590,0.984962,0.967019,0.032964,0.032936
NorthEast,5,JJA,1,5.500000,131,2,3580,4475590,0.984962,0.964700,0.035281,0.035253
NorthEast,5,JJA,1,6.000000,131,2,3358,4475590,0.984962,0.962453,0.037525,0.037497
NorthEast,5,JJA,1,6.500000,130,3,3123,4475590,0.977444,0.960037,0.039926,0.039898
NorthEast,5,JJA,1,7.000000,129,4,2934,4475590,0.969925,0.957884,0.042061,0.042032
NorthEast,5,JJA,1,7.500000,128,5,2757,4475590,0.962406,0.955633,0.044291,0.044262
NorthEast,5,JJA,1,8.000000,127,6,2568,4475590,0.954887,0.952876,0.047020,0.046991
NorthEast,5,JJA,1,8.500000,127,6,2417,4475590,0.954887,0.950079,0.049804,0.049776
NorthEast,5,JJA,1,9.000000,126,7,2292,4475590,0.947368,0.947891,0.051959,0.051931
NorthEast,5,JJA,1,9.500000,124,9,2145,4475590,0.932331,0.945350,0.054434,0.054406
NorthEast,5,JJA,1,10.000000,123,10,2014,4475590,0.924812,0.942443,0.057289,0.057261
NorthEast,5,JJA,1,10.500000,121,12,1900,4475590,0.909774,0.940129,0.059518,0.059490
NorthEast,5,JJA,1,11.000000,120,13,1758,4475590,0.902256,0.936102,0.063458,0.063431
NorthEast,5,JJA,1,11.500000,120,13,1648,4475590,0.902256,0.932127,0.067378,0.067350
NorthEast,5,JJA,1,12.000000,119,14,1538,4475590,0.894737,0.928183,0.071215,0.071187
NorthEast,5,SON,2,0.500000,77,0,8111,4981672,1.000000,0.990596,0.009404,0.009389
NorthEast,5,SON,2,1.000000,77,0,5860,4981672,1.000000,0.987030,0.012970,0.012954
NorthEast,5,SON,2,1.500000,77,0,4517,4981672,1.000000,0.983239,0.016761,0.016746
NorthEast,5,SON,2,2.000000,77,0,3613,4981672,1.000000,0.979133,0.020867,0.020852
NorthEast,5,SON,2,2.500000,76,1,2966,4981672,0.987013,0.975016,0.024975,0.024960
NorthEast,5,SON,2,3.000000,76,1,2531,4981672,0.987013,0.970848,0.029141,0.029126
NorthEast,5,SON,2,3.500000,76,1,2195,4981672,0.987013,0.966535,0.033451,0.033436
NorthEast,5,SON,2,4.000000,76,1,1944,4981672,0.987013,0.962376,0.037605,0.037590
NorthEast,5,SON,2,4.500000,76,1,1739,4981672,0.987013,0.958127,0.041850,0.041835
NorthEast,5,SON,2,5.000000,76,1,1584,4981672,0.987013,0.954217,0.045756,0.045741
NorthEast,5,SON,2,5.500000,76,1,1429,4981672,0.987013,0.949502,0.050465,0.050450
NorthEast,5,SON,2,6.000000,76,1,1306,4981672,0.987013,0.945007,0.054953,0.054938
NorthEast,5,SON,2,6.500000,75,2,1208,4981672,0.974026,0.941543,0.058366,0.058351
NorthEast,5,SON,2,7.000000,75,2,1114,4981672,0.974026,0.936922,0.062972,0.062958
NorthEast,5,SON,2,7.500000,75,2,1021,4981672,0.974026,0.931569,0.068306,0.068292
NorthEast,5,SON,2,8.000000,75,2,943,4981672,0.974026,0.926326,0.073529,0.073515
NorthEast,5,SON,2,8.500000,75,2,875,4981672,0.974026,0.921053,0.078782,0.078767
NorthEast,5,SON,2,9.000000,75,2,808,4981672,0.974026,0.915062,0.084746,0.084732
NorthEast,5,SON,2,9.500000,75,2,738,4981672,0.974026,0.907749,0.092025,0.092011
NorthEast,5,SON,2,10.000000,75,2,676,4981672,0.974026,0.900133,0.099602,0.099588
NorthEast,5,SON,2,10.500000,75,2,618,4981672,0.974026,0.891775,0.107914,0.107900
NorthEast,5,SON,2,11.000000,74,3,567,4981672,0.961039,0.884555,0.114907,0.114893
NorthEast,5,SON,2,11.500000,72,5,535,4981672,0.935065,0.881384,0.117647,0.117634
NorthEast,5,SON,2,12.000000,72,5,500,4981672,0.935065,0.874126,0.124783,0.124770
NorthEast,5,DJF,3,0.500000,0,0,2454,2393908,NaN,1.000000,0.000000,0.000000
NorthEast,5,DJF,3,1.000000,0,0,1423,2393908,NaN,1.000000,0.000000,0.000000
NorthEast,5,DJF,3,1.500000,0,0,798,2393908,NaN,1.000000,0.000000,0.000000
NorthEast,5,DJF,3,2.000000,0,0,515,2393908,NaN,1.000000,0.000000,0.000000
NorthEast,5,DJF,3,2.500000,0,0,328,2393908,NaN,1.000000,0.000000,0.000000
NorthEast,5,DJF,3,3.000000,0,0,239,2393908,NaN,1.000000,0.000000,0.000000
NorthEast,5,DJF,3,3.500000,0,0,178,2393908,NaN,1.000000,0.000000,0.000000
NorthEast,5,DJF,3,4.000000,0,0,148,2393908,NaN,1.000000,0.000000,0.000000
NorthEast,5,DJF,3,4.500000,0,0,125,2393908,NaN,1.000000,0.000000,0.000000
NorthEast,5,DJF,3,5.000000,0,0,108,2393908,NaN,1.000000,0.000000,0.000000
NorthEast,5,DJF,3,5.500000,0,0,101,2393908,NaN,1.000000,0.000000,0.000000
NorthEast,5,DJF,3,6.000000,0,0,91,2393908,NaN,1.000000,0.000000,0.000000
NorthEast,5,DJF,3,6.500000,0,0,83,2393908,NaN,1.000000,0.000000,0.000000
NorthEast,5,DJF,3,7.000000,0,0,77,2393908,NaN,1.000000,0.000000,0.000000
NorthEast,5,DJF,3,7.500000,0,0,72,2393908,NaN,1.000000,0.000000,0.000000
NorthEast,5,DJF,3,8.000000,0,0,67,2393908,NaN,1.000000,0.000000,0.000000
NorthEast,5,DJF,3,8.500000,0,0,66,2393908,NaN,1.000000,0.000000,0.000000
NorthEast,5,DJF,3,9.000000,0,0,61,2393908,NaN,1.000000,0.000000,0.000000
NorthEast,5,DJF,3,9.500000,0,0,55,2393908,NaN,1.000000,0.000000,0.000000
NorthEast,5,DJF,3,10.000000,0,0,51,2393908,NaN,1.000000,0.000000,0.000000
NorthEast,5,DJF,3,10.500000,0,0,47,2393908,NaN,1.000000,0.000000,0.000000
NorthEast,5,DJF,3,11.000000,0,0,43,2393908,NaN,1.000000,0.000000,0.000000
NorthEast,5,DJF,3,11.500000,0,0,41,2393908,NaN,1.000000,0.000000,0.000000
NorthEast,5,DJF,3,12.000000,0,0,38,2393908,NaN,1.000000,0.000000,0.000000
NorthEast,5,MAM,4,0.500000,20,0,7329,5123278,1.000000,0.997279,0.002721,0.002718
NorthEast,5,MAM,4,1.000000,20,0,4890,5123278,1.000000,0.995927,0.004073,0.004069
NorthEast,5,MAM,4,1.500000,20,0,3615,5123278,1.000000,0.994498,0.005502,0.005498
NorthEast,5,MAM,4,2.000000,20,0,2804,5123278,1.000000,0.992918,0.007082,0.007078
NorthEast,5,MAM,4,2.500000,20,0,2223,5123278,1.000000,0.991083,0.008917,0.008913
NorthEast,5,MAM,4,3.000000,20,0,1838,5123278,1.000000,0.989236,0.010764,0.010760
NorthEast,5,MAM,4,3.500000,20,0,1530,5123278,1.000000,0.987097,0.012903,0.012899
NorthEast,5,MAM,4,4.000000,20,0,1318,5123278,1.000000,0.985052,0.014948,0.014944
NorthEast,5,MAM,4,4.500000,20,0,1141,5123278,1.000000,0.982773,0.017227,0.017223
NorthEast,5,MAM,4,5.000000,20,0,1027,5123278,1.000000,0.980898,0.019102,0.019098
NorthEast,5,MAM,4,5.500000,20,0,900,5123278,1.000000,0.978261,0.021739,0.021735
NorthEast,5,MAM,4,6.000000,20,0,787,5123278,1.000000,0.975217,0.024783,0.024779
NorthEast,5,MAM,4,6.500000,20,0,688,5123278,1.000000,0.971751,0.028249,0.028245
NorthEast,5,MAM,4,7.000000,19,1,622,5123278,0.950000,0.970359,0.029595,0.029591
NorthEast,5,MAM,4,7.500000,18,2,559,5123278,0.900000,0.968804,0.031088,0.031084
NorthEast,5,MAM,4,8.000000,18,2,503,5123278,0.900000,0.965451,0.034417,0.034413
NorthEast,5,MAM,4,8.500000,17,3,448,5123278,0.850000,0.963441,0.036325,0.036321
NorthEast,5,MAM,4,9.000000,17,3,390,5123278,0.850000,0.958231,0.041463,0.041460
NorthEast,5,MAM,4,9.500000,17,3,354,5123278,0.850000,0.954178,0.045455,0.045451
NorthEast,5,MAM,4,10.000000,17,3,317,5123278,0.850000,0.949102,0.050445,0.050441
NorthEast,5,MAM,4,10.500000,15,5,268,5123278,0.750000,0.946996,0.052083,0.052080
NorthEast,5,MAM,4,11.000000,14,6,246,5123278,0.700000,0.946154,0.052632,0.052628
NorthEast,5,MAM,4,11.500000,14,6,216,5123278,0.700000,0.939130,0.059322,0.059318
NorthEast,5,MAM,4,12.000000,14,6,195,5123278,0.700000,0.933014,0.065116,0.065113
NorthEast,5,All,5,0.500000,230,0,27396,16974448,1.000000,0.991675,0.008325,0.008312
NorthEast,5,All,5,1.000000,230,0,19938,16974448,1.000000,0.988596,0.011404,0.011391
NorthEast,5,All,5,1.500000,230,0,15760,16974448,1.000000,0.985616,0.014384,0.014371
NorthEast,5,All,5,2.000000,230,0,13102,16974448,1.000000,0.982748,0.017252,0.017238
NorthEast,5,All,5,2.500000,229,1,11141,16974448,0.995652,0.979859,0.020139,0.020126
NorthEast,5,All,5,3.000000,228,2,9790,16974448,0.991304,0.977241,0.022754,0.022741
NorthEast,5,All,5,3.500000,228,2,8680,16974448,0.991304,0.974405,0.025589,0.025576
NorthEast,5,All,5,4.000000,228,2,7842,16974448,0.991304,0.971747,0.028246,0.028233
NorthEast,5,All,5,4.500000,228,2,7114,16974448,0.991304,0.968946,0.031046,0.031033
NorthEast,5,All,5,5.000000,227,3,6560,16974448,0.986957,0.966554,0.033432,0.033418
NorthEast,5,All,5,5.500000,227,3,6010,16974448,0.986957,0.963604,0.036378,0.036365
NorthEast,5,All,5,6.000000,227,3,5542,16974448,0.986957,0.960652,0.039328,0.039315
NorthEast,5,All,5,6.500000,225,5,5102,16974448,0.978261,0.957762,0.042198,0.042185
NorthEast,5,All,5,7.000000,223,7,4747,16974448,0.969565,0.955131,0.044806,0.044793
NorthEast,5,All,5,7.500000,221,9,4409,16974448,0.960870,0.952268,0.047640,0.047627
NorthEast,5,All,5,8.000000,220,10,4081,16974448,0.956522,0.948849,0.051032,0.051019
NorthEast,5,All,5,8.500000,219,11,3806,16974448,0.952174,0.945590,0.054262,0.054249
NorthEast,5,All,5,9.000000,218,12,3551,16974448,0.947826,0.942160,0.057657,0.057644
NorthEast,5,All,5,9.500000,216,14,3292,16974448,0.939130,0.938426,0.061329,0.061316
NorthEast,5,All,5,10.000000,215,15,3058,16974448,0.934783,0.934311,0.065389,0.065377
NorthEast,5,All,5,10.500000,211,19,2833,16974448,0.917391,0.930683,0.068887,0.068874
NorthEast,5,All,5,11.000000,208,22,2614,16974448,0.904348,0.926293,0.073136,0.073124
NorthEast,5,All,5,11.500000,206,24,2440,16974448,0.895652,0.922147,0.077154,0.077141
NorthEast,5,All,5,12.000000,205,25,2271,16974448,0.891304,0.917205,0.081967,0.081955
NorthGreatPlains,6,JJA,1,0.500000,71,2,12561,4475590,0.972603,0.994379,0.005620,0.005604
NorthGreatPlains,6,JJA,1,1.000000,70,3,10181,4475590,0.958904,0.993171,0.006827,0.006810
NorthGreatPlains,6,JJA,1,1.500000,70,3,8860,4475590,0.958904,0.992161,0.007836,0.007820
NorthGreatPlains,6,JJA,1,2.000000,70,3,7848,4475590,0.958904,0.991159,0.008837,0.008821
NorthGreatPlains,6,JJA,1,2.500000,68,5,7064,4475590,0.931507,0.990466,0.009528,0.009512
NorthGreatPlains,6,JJA,1,3.000000,66,7,6371,4475590,0.904110,0.989747,0.010242,0.010226
NorthGreatPlains,6,JJA,1,3.500000,65,8,5810,4475590,0.890411,0.988936,0.011049,0.011033
NorthGreatPlains,6,JJA,1,4.000000,65,8,5308,4475590,0.890411,0.987902,0.012080,0.012063
NorthGreatPlains,6,JJA,1,4.500000,65,8,4876,4475590,0.890411,0.986845,0.013134,0.013118
NorthGreatPlains,6,JJA,1,5.000000,65,8,4481,4475590,0.890411,0.985702,0.014273,0.014257
NorthGreatPlains,6,JJA,1,5.500000,64,9,4083,4475590,0.876712,0.984567,0.015399,0.015383
NorthGreatPlains,6,JJA,1,6.000000,64,9,3762,4475590,0.876712,0.983272,0.016688,0.016672
NorthGreatPlains,6,JJA,1,6.500000,64,9,3471,4475590,0.876712,0.981895,0.018059,0.018043
NorthGreatPlains,6,JJA,1,7.000000,64,9,3202,4475590,0.876712,0.980404,0.019542,0.019526
NorthGreatPlains,6,JJA,1,7.500000,64,9,2962,4475590,0.876712,0.978850,0.021087,0.021071
NorthGreatPlains,6,JJA,1,8.000000,63,10,2750,4475590,0.863014,0.977604,0.022317,0.022301
NorthGreatPlains,6,JJA,1,8.500000,63,10,2533,4475590,0.863014,0.975732,0.024175,0.024159
NorthGreatPlains,6,JJA,1,9.000000,63,10,2335,4475590,0.863014,0.973728,0.026163,0.026147
NorthGreatPlains,6,JJA,1,9.500000,62,11,2138,4475590,0.849315,0.971818,0.028042,0.028026
NorthGreatPlains,6,JJA,1,10.000000,61,12,1960,4475590,0.835616,0.969817,0.030005,0.029989
NorthGreatPlains,6,JJA,1,10.500000,60,13,1804,4475590,0.821918,0.967811,0.031966,0.031950
NorthGreatPlains,6,JJA,1,11.000000,60,13,1663,4475590,0.821918,0.965177,0.034562,0.034547
NorthGreatPlains,6,JJA,1,11.500000,57,16,1537,4475590,0.780822,0.964241,0.035404,0.035388
NorthGreatPlains,6,JJA,1,12.000000,57,16,1405,4475590,0.780822,0.961012,0.038566,0.038550
NorthGreatPlains,6,SON,2,0.500000,20,0,5114,4981672,1.000000,0.996104,0.003896,0.003892
NorthGreatPlains,6,SON,2,1.000000,20,0,3274,4981672,1.000000,0.993928,0.006072,0.006068
NorthGreatPlains,6,SON,2,1.500000,20,0,2409,4981672,1.000000,0.991766,0.008234,0.008230
NorthGreatPlains,6,SON,2,2.000000,20,0,1931,4981672,1.000000,0.989749,0.010251,0.010247
NorthGreatPlains,6,SON,2,2.500000,20,0,1591,4981672,1.000000,0.987585,0.012415,0.012411
NorthGreatPlains,6,SON,2,3.000000,20,0,1385,4981672,1.000000,0.985765,0.014235,0.014231
NorthGreatPlains,6,SON,2,3.500000,19,1,1237,4981672,0.950000,0.984873,0.015115,0.015111
NorthGreatPlains,6,SON,2,4.000000,19,1,1099,4981672,0.950000,0.983005,0.016979,0.016976
NorthGreatPlains,6,SON,2,4.500000,19,1,989,4981672,0.950000,0.981151,0.018831,0.018827
NorthGreatPlains,6,SON,2,5.000000,19,1,908,4981672,0.950000,0.979504,0.020474,0.020470
NorthGreatPlains,6,SON,2,5.500000,19,1,815,4981672,0.950000,0.977218,0.022754,0.022751
NorthGreatPlains,6,SON,2,6.000000,19,1,748,4981672,0.950000,0.975228,0.024740,0.024736
NorthGreatPlains,6,SON,2,6.500000,19,1,678,4981672,0.950000,0.972740,0.027221,0.027217
NorthGreatPlains,6,SON,2,7.000000,18,2,630,4981672,0.900000,0.972222,0.027692,0.027688
NorthGreatPlains,6,SON,2,7.500000,18,2,574,4981672,0.900000,0.969595,0.030303,0.030299
NorthGreatPlains,6,SON,2,8.000000,16,4,525,4981672,0.800000,0.970425,0.029358,0.029354
NorthGreatPlains,6,SON,2,8.500000,16,4,487,4981672,0.800000,0.968191,0.031558,0.031554
NorthGreatPlains,6,SON,2,9.000000,16,4,444,4981672,0.800000,0.965217,0.034483,0.034479
NorthGreatPlains,6,SON,2,9.500000,14,6,417,4981672,0.700000,0.967517,0.032037,0.032033
NorthGreatPlains,6,SON,2,10.000000,14,6,387,4981672,0.700000,0.965087,0.034398,0.034394
NorthGreatPlains,6,SON,2,10.500000,14,6,342,4981672,0.700000,0.960674,0.038674,0.038670
NorthGreatPlains,6,SON,2,11.000000,13,7,312,4981672,0.650000,0.960000,0.039157,0.039153
NorthGreatPlains,6,SON,2,11.500000,13,7,279,4981672,0.650000,0.955479,0.043478,0.043475
NorthGreatPlains,6,SON,2,12.000000,13,7,254,4981672,0.650000,0.951311,0.047445,0.047442
NorthGreatPlains,6,DJF,3,0.500000,0,0,778,2393908,NaN,1.000000,0.000000,0.000000
NorthGreatPlains,6,DJF,3,1.000000,0,0,390,2393908,NaN,1.000000,0.000000,0.000000
NorthGreatPlains,6,DJF,3,1.500000,0,0,270,2393908,NaN,1.000000,0.000000,0.000000
NorthGreatPlains,6,DJF,3,2.000000,0,0,206,2393908,NaN,1.000000,0.000000,0.000000
NorthGreatPlains,6,DJF,3,2.500000,0,0,162,2393908,NaN,1.000000,0.000000,0.000000
NorthGreatPlains,6,DJF,3,3.000000,0,0,126,2393908,NaN,1.000000,0.000000,0.000000
NorthGreatPlains,6,DJF,3,3.500000,0,0,109,2393908,NaN,1.000000,0.000000,0.000000
NorthGreatPlains,6,DJF,3,4.000000,0,0,91,2393908,NaN,1.000000,0.000000,0.000000
NorthGreatPlains,6,DJF,3,4.500000,0,0,79,2393908,NaN,1.000000,0.000000,0.000000
NorthGreatPlains,6,DJF,3,5.000000,0,0,70,2393908,NaN,1.000000,0.000000,0.000000
NorthGreatPlains,6,DJF,3,5.500000,0,0,68,2393908,NaN,1.000000,0.000000,0.000000
NorthGreatPlains,6,DJF,3,6.000000,0,0,59,2393908,NaN,1.000000,0.000000,0.000000
NorthGreatPlains,6,DJF,3,6.500000,0,0,56,2393908,NaN,1.000000,0.000000,0.000000
NorthGreatPlains,6,DJF,3,7.000000,0,0,53,2393908,NaN,1.000000,0.000000,0.000000
NorthGreatPlains,6,DJF,3,7.500000,0,0,50,2393908,NaN,1.000000,0.000000,0.000000
NorthGreatPlains,6,DJF,3,8.000000,0,0,49,2393908,NaN,1.000000,0.000000,0.000000
NorthGreatPlains,6,DJF,3,8.500000,0,0,44,2393908,NaN,1.000000,0.000000,0.000000
NorthGreatPlains,6,DJF,3,9.000000,0,0,42,2393908,NaN,1.000000,0.000000,0.000000
NorthGreatPlains,6,DJF,3,9.500000,0,0,41,2393908,NaN,1.000000,0.000000,0.000000
NorthGreatPlains,6,DJF,3,10.000000,0,0,40,2393908,NaN,1.000000,0.000000,0.000000
NorthGreatPlains,6,DJF,3,10.500000,0,0,40,2393908,NaN,1.000000,0.000000,0.000000
NorthGreatPlains,6,DJF,3,11.000000,0,0,39,2393908,NaN,1.000000,0.000000,0.000000
NorthGreatPlains,6,DJF,3,11.500000,0,0,38,2393908,NaN,1.000000,0.000000,0.000000
NorthGreatPlains,6,DJF,3,12.000000,0,0,37,2393908,NaN,1.000000,0.000000,0.000000
NorthGreatPlains,6,MAM,4,0.500000,28,1,6975,5123278,0.965517,0.996002,0.003998,0.003992
NorthGreatPlains,6,MAM,4,1.000000,28,1,4599,5123278,0.965517,0.993949,0.006050,0.006045
NorthGreatPlains,6,MAM,4,1.500000,28,1,3340,5123278,0.965517,0.991686,0.008311,0.008305
NorthGreatPlains,6,MAM,4,2.000000,28,1,2608,5123278,0.965517,0.989378,0.010618,0.010613
NorthGreatPlains,6,MAM,4,2.500000,26,3,2119,5123278,0.896552,0.987879,0.012104,0.012099
NorthGreatPlains,6,MAM,4,3.000000,25,4,1805,5123278,0.862069,0.986339,0.013631,0.013626
NorthGreatPlains,6,MAM,4,3.500000,24,5,1553,5123278,0.827586,0.984781,0.015171,0.015165
NorthGreatPlains,6,MAM,4,4.000000,23,6,1368,5123278,0.793103,0.983465,0.016464,0.016458
NorthGreatPlains,6,MAM,4,4.500000,22,7,1219,5123278,0.758621,0.982272,0.017628,0.017623
NorthGreatPlains,6,MAM,4,5.000000,18,11,1107,5123278,0.620690,0.984000,0.015845,0.015840
NorthGreatPlains,6,MAM,4,5.500000,17,12,978,5123278,0.586207,0.982915,0.016882,0.016876
NorthGreatPlains,6,MAM,4,6.000000,16,13,890,5123278,0.551724,0.982340,0.017410,0.017405
NorthGreatPlains,6,MAM,4,6.500000,16,13,819,5123278,0.551724,0.980838,0.018868,0.018862
NorthGreatPlains,6,MAM,4,7.000000,15,14,745,5123278,0.517241,0.980263,0.019380,0.019374
NorthGreatPlains,6,MAM,4,7.500000,15,14,677,5123278,0.517241,0.978324,0.021246,0.021241
NorthGreatPlains,6,MAM,4,8.000000,15,14,635,5123278,0.517241,0.976923,0.022590,0.022585
NorthGreatPlains,6,MAM,4,8.500000,15,14,591,5123278,0.517241,0.975248,0.024194,0.024188
NorthGreatPlains,6,MAM,4,9.000000,15,14,530,5123278,0.517241,0.972477,0.026834,0.026828
NorthGreatPlains,6,MAM,4,9.500000,15,14,467,5123278,0.517241,0.968880,0.030242,0.030237
NorthGreatPlains,6,MAM,4,10.000000,14,15,429,5123278,0.482759,0.968397,0.030568,0.030562
NorthGreatPlains,6,MAM,4,10.500000,14,15,385,5123278,0.482759,0.964912,0.033816,0.033811
NorthGreatPlains,6,MAM,4,11.000000,14,15,349,5123278,0.482759,0.961433,0.037037,0.037032
NorthGreatPlains,6,MAM,4,11.500000,13,16,316,5123278,0.448276,0.960486,0.037681,0.037676
NorthGreatPlains,6,MAM,4,12.000000,12,17,282,5123278,0.413793,0.959184,0.038585,0.038580
NorthGreatPlains,6,All,5,0.500000,119,3,25428,16974448,0.975410,0.995342,0.004658,0.004650
NorthGreatPlains,6,All,5,1.000000,118,4,18444,16974448,0.967213,0.993643,0.006356,0.006349
NorthGreatPlains,6,All,5,1.500000,118,4,14879,16974448,0.967213,0.992132,0.007866,0.007859
NorthGreatPlains,6,All,5,2.000000,118,4,12593,16974448,0.967213,0.990717,0.009280,0.009273
NorthGreatPlains,6,All,5,2.500000,114,8,10936,16974448,0.934426,0.989683,0.010309,0.010302
NorthGreatPlains,6,All,5,3.000000,111,11,9687,16974448,0.909836,0.988671,0.011316,0.011309
NorthGreatPlains,6,All,5,3.500000,108,14,8709,16974448,0.885246,0.987751,0.012230,0.012223
NorthGreatPlains,6,All,5,4.000000,107,15,7866,16974448,0.877049,0.986580,0.013395,0.013388
NorthGreatPlains,6,All,5,4.500000,106,16,7163,16974448,0.868852,0.985418,0.014550,0.014543
NorthGreatPlains,6,All,5,5.000000,102,20,6566,16974448,0.836066,0.984703,0.015251,0.015244
NorthGreatPlains,6,All,5,5.500000,100,22,5944,16974448,0.819672,0.983455,0.016485,0.016478
NorthGreatPlains,6,All,5,6.000000,99,23,5459,16974448,0.811475,0.982188,0.017739,0.017732
NorthGreatPlains,6,All,5,6.500000,99,23,5024,16974448,0.811475,0.980675,0.019238,0.019231
NorthGreatPlains,6,All,5,7.000000,97,25,4630,16974448,0.795082,0.979480,0.020412,0.020405
NorthGreatPlains,6,All,5,7.500000,97,25,4263,16974448,0.795082,0.977752,0.022121,0.022114
NorthGreatPlains,6,All,5,8.000000,94,28,3959,16974448,0.770492,0.976807,0.023034,0.023027
NorthGreatPlains,6,All,5,8.500000,94,28,3655,16974448,0.770492,0.974927,0.024887,0.024881
NorthGreatPlains,6,All,5,9.000000,94,28,3351,16974448,0.770492,0.972714,0.027066,0.027059
NorthGreatPlains,6,All,5,9.500000,91,31,3063,16974448,0.745902,0.971148,0.028571,0.028565
NorthGreatPlains,6,All,5,10.000000,89,33,2816,16974448,0.729508,0.969363,0.030293,0.030286
NorthGreatPlains,6,All,5,10.500000,88,34,2571,16974448,0.721311,0.966905,0.032677,0.032670
NorthGreatPlains,6,All,5,11.000000,87,35,2363,16974448,0.713115,0.964490,0.035010,0.035003
NorthGreatPlains,6,All,5,11.500000,83,39,2170,16974448,0.680328,0.963160,0.036213,0.036206
NorthGreatPlains,6,All,5,12.000000,82,40,1978,16974448,0.672131,0.960194,0.039048,0.039041
SouthWest,7,JJA,1,0.500000,158,0,5397,4475590,1.000000,0.971557,0.028443,0.028409
SouthWest,7,JJA,1,1.000000,157,1,4719,4475590,0.993671,0.967801,0.032192,0.032158
SouthWest,7,JJA,1,1.500000,155,3,4303,4475590,0.981013,0.965231,0.034746,0.034712
SouthWest,7,JJA,1,2.000000,155,3,3928,4475590,0.981013,0.962038,0.037934,0.037901
SouthWest,7,JJA,1,2.500000,153,5,3651,4475590,0.968354,0.959779,0.040168,0.040134
SouthWest,7,JJA,1,3.000000,151,7,3411,4475590,0.955696,0.957608,0.042309,0.042275
SouthWest,7,JJA,1,3.500000,149,9,3171,4475590,0.943038,0.955120,0.044758,0.044725
SouthWest,7,JJA,1,4.000000,149,9,2962,4475590,0.943038,0.952105,0.047756,0.047723
SouthWest,7,JJA,1,4.500000,149,9,2793,4475590,0.943038,0.949354,0.050491,0.050458
SouthWest,7,JJA,1,5.000000,149,9,2632,4475590,0.943038,0.946422,0.053405,0.053372
SouthWest,7,JJA,1,5.500000,148,10,2459,4475590,0.936709,0.943230,0.056553,0.056520
SouthWest,7,JJA,1,6.000000,146,12,2304,4475590,0.924051,0.940408,0.059301,0.059268
SouthWest,7,JJA,1,6.500000,145,13,2161,4475590,0.917722,0.937121,0.062527,0.062494
SouthWest,7,JJA,1,7.000000,144,14,2024,4475590,0.911392,0.933579,0.065995,0.065962
SouthWest,7,JJA,1,7.500000,144,14,1891,4475590,0.911392,0.929238,0.070278,0.070246
SouthWest,7,JJA,1,8.000000,143,15,1764,4475590,0.905063,0.925013,0.074402,0.074369
SouthWest,7,JJA,1,8.500000,141,17,1644,4475590,0.892405,0.921008,0.078246,0.078214
SouthWest,7,JJA,1,9.000000,140,18,1528,4475590,0.886076,0.916067,0.083037,0.083005
SouthWest,7,JJA,1,9.500000,136,22,1426,4475590,0.860759,0.912932,0.085859,0.085827
SouthWest,7,JJA,1,10.000000,133,25,1327,4475590,0.841772,0.908904,0.089562,0.089531
SouthWest,7,JJA,1,10.500000,131,27,1243,4475590,0.829114,0.904658,0.093505,0.093473
SouthWest,7,JJA,1,11.000000,127,31,1150,4475590,0.803797,0.900548,0.097095,0.097064
SouthWest,7,JJA,1,11.500000,125,33,1062,4475590,0.791139,0.894693,0.102459,0.102428
SouthWest,7,JJA,1,12.000000,122,36,999,4475590,0.772152,0.891169,0.105445,0.105415
SouthWest,7,SON,2,0.500000,34,2,2079,4981672,0.944444,0.983909,0.016076,0.016069
SouthWest,7,SON,2,1.000000,34,2,1519,4981672,0.944444,0.978107,0.021865,0.021858
SouthWest,7,SON,2,1.500000,34,2,1222,4981672,0.944444,0.972930,0.027027,0.027020
SouthWest,7,SON,2,2.000000,34,2,1065,4981672,0.944444,0.969063,0.030881,0.030874
SouthWest,7,SON,2,2.500000,33,3,907,4981672,0.916667,0.964894,0.034995,0.034988
SouthWest,7,SON,2,3.000000,32,4,809,4981672,0.888889,0.961950,0.037870,0.037863
SouthWest,7,SON,2,3.500000,31,5,729,4981672,0.861111,0.959211,0.040523,0.040516
SouthWest,7,SON,2,4.000000,28,8,662,4981672,0.777778,0.959420,0.040115,0.040108
SouthWest,7,SON,2,4.500000,27,9,603,4981672,0.750000,0.957143,0.042254,0.042247
SouthWest,7,SON,2,5.000000,27,9,551,4981672,0.750000,0.953287,0.045997,0.045990
SouthWest,7,SON,2,5.500000,25,11,499,4981672,0.694444,0.952290,0.046729,0.046722
SouthWest,7,SON,2,6.000000,25,11,462,4981672,0.694444,0.948665,0.050201,0.050194
SouthWest,7,SON,2,6.500000,24,12,412,4981672,0.666667,0.944954,0.053571,0.053565
SouthWest,7,SON,2,7.000000,24,12,383,4981672,0.666667,0.941032,0.057279,0.057273
SouthWest,7,SON,2,7.500000,24,12,356,4981672,0.666667,0.936842,0.061224,0.061218
SouthWest,7,SON,2,8.000000,24,12,324,4981672,0.666667,0.931034,0.066667,0.066660
SouthWest,7,SON,2,8.500000,22,14,297,4981672,0.611111,0.931034,0.066066,0.066060
SouthWest,7,SON,2,9.000000,20,16,275,4981672,0.555556,0.932203,0.064309,0.064302
SouthWest,7,SON,2,9.500000,20,16,258,4981672,0.555556,0.928058,0.068027,0.068021
SouthWest,7,SON,2,10.000000,19,17,233,4981672,0.527778,0.924603,0.070632,0.070626
SouthWest,7,SON,2,10.500000,19,17,219,4981672,0.527778,0.920168,0.074510,0.074504
SouthWest,7,SON,2,11.000000,18,18,203,4981672,0.500000,0.918552,0.075314,0.075308
SouthWest,7,SON,2,11.500000,16,20,192,4981672,0.444444,0.923077,0.070175,0.070169
SouthWest,7,SON,2,12.000000,16,20,168,4981672,0.444444,0.913043,0.078431,0.078425
SouthWest,7,DJF,3,0.500000,7,0,1011,2393908,1.000000,0.993124,0.006876,0.006873
SouthWest,7,DJF,3,1.000000,7,0,595,2393908,1.000000,0.988372,0.011628,0.011625
SouthWest,7,DJF,3,1.500000,7,0,395,2393908,1.000000,0.982587,0.017413,0.017410
SouthWest,7,DJF,3,2.000000,7,0,277,2393908,1.000000,0.975352,0.024648,0.024645
SouthWest,7,DJF,3,2.500000,6,1,216,2393908,0.857143,0.972973,0.026906,0.026903
SouthWest,7,DJF,3,3.000000,4,3,168,2393908,0.571429,0.976744,0.022857,0.022854
SouthWest,7,DJF,3,3.500000,3,4,143,2393908,0.428571,0.979452,0.020000,0.019997
SouthWest,7,DJF,3,4.000000,2,5,119,2393908,0.285714,0.983471,0.015873,0.015870
SouthWest,7,DJF,3,4.500000,1,6,105,2393908,0.142857,0.990566,0.008929,0.008926
SouthWest,7,DJF,3,5.000000,1,6,93,2393908,0.142857,0.989362,0.010000,0.009997
SouthWest,7,DJF,3,5.500000,0,7,81,2393908,0.000000,1.000000,0.000000,-0.000003
SouthWest,7,DJF,3,6.000000,0,7,77,2393908,0.000000,1.000000,0.000000,-0.000003
SouthWest,7,DJF,3,6.500000,0,7,71,2393908,0.000000,1.000000,0.000000,-0.000003
SouthWest,7,DJF,3,7.000000,0,7,65,2393908,0.000000,1.000000,0.000000,-0.000003
SouthWest,7,DJF,3,7.500000,0,7,63,2393908,0.000000,1.000000,0.000000,-0.000003
SouthWest,7,DJF,3,8.000000,0,7,57,2393908,0.000000,1.000000,0.000000,-0.000003
SouthWest,7,DJF,3,8.500000,0,7,52,2393908,0.000000,1.000000,0.000000,-0.000003
SouthWest,7,DJF,3,9.000000,0,7,49,2393908,0.000000,1.000000,0.000000,-0.000003
SouthWest,7,DJF,3,9.500000,0,7,43,2393908,0.000000,1.000000,0.000000,-0.000003
SouthWest,7,DJF,3,10.000000,0,7,39,2393908,0.000000,1.000000,0.000000,-0.000002
SouthWest,7,DJF,3,10.500000,0,7,34,2393908,0.000000,1.000000,0.000000,-0.000002
SouthWest,7,DJF,3,11.000000,0,7,33,2393908,0.000000,1.000000,0.000000,-0.000002
SouthWest,7,DJF,3,11.500000,0,7,29,2393908,0.000000,1.000000,0.000000,-0.000002
SouthWest,7,DJF,3,12.000000,0,7,27,2393908,0.000000,1.000000,0.000000,-0.000002
SouthWest,7,MAM,4,0.500000,10,2,2455,5123278,0.833333,0.995943,0.004054,0.004051
SouthWest,7,MAM,4,1.000000,9,3,1576,5123278,0.750000,0.994322,0.005668,0.005665
SouthWest,7,MAM,4,1.500000,9,3,1153,5123278,0.750000,0.992255,0.007725,0.007723
SouthWest,7,MAM,4,2.000000,9,3,885,5123278,0.750000,0.989933,0.010033,0.010031
SouthWest,7,MAM,4,2.500000,8,4,699,5123278,0.666667,0.988685,0.011252,0.011249
SouthWest,7,MAM,4,3.000000,5,7,595,5123278,0.416667,0.991667,0.008237,0.008235
SouthWest,7,MAM,4,3.500000,5,7,496,5123278,0.416667,0.990020,0.009843,0.009840
SouthWest,7,MAM,4,4.000000,5,7,438,5123278,0.416667,0.988713,0.011111,0.011109
SouthWest,7,MAM,4,4.500000,4,8,381,5123278,0.333333,0.989610,0.010178,0.010176
SouthWest,7,MAM,4,5.000000,3,9,341,5123278,0.250000,0.991279,0.008499,0.008496
SouthWest,7,MAM,4,5.500000,3,9,306,5123278,0.250000,0.990291,0.009434,0.009432
SouthWest,7,MAM,4,6.000000,3,9,280,5123278,0.250000,0.989399,0.010274,0.010272
SouthWest,7,MAM,4,6.500000,3,9,260,5123278,0.250000,0.988593,0.011029,0.011027
SouthWest,7,MAM,4,7.000000,3,9,229,5123278,0.250000,0.987069,0.012448,0.012446
SouthWest,7,MAM,4,7.500000,3,9,207,5123278,0.250000,0.985714,0.013699,0.013696
SouthWest,7,MAM,4,8.000000,3,9,187,5123278,0.250000,0.984211,0.015075,0.015073
SouthWest,7,MAM,4,8.500000,3,9,172,5123278,0.250000,0.982857,0.016304,0.016302
SouthWest,7,MAM,4,9.000000,3,9,158,5123278,0.250000,0.981366,0.017647,0.017645
SouthWest,7,MAM,4,9.500000,3,9,143,5123278,0.250000,0.979452,0.019355,0.019353
SouthWest,7,MAM,4,10.000000,3,9,133,5123278,0.250000,0.977941,0.020690,0.020688
SouthWest,7,MAM,4,10.500000,3,9,124,5123278,0.250000,0.976378,0.022059,0.022057
SouthWest,7,MAM,4,11.000000,3,9,114,5123278,0.250000,0.974359,0.023810,0.023807
SouthWest,7,MAM,4,11.500000,3,9,101,5123278,0.250000,0.971154,0.026549,0.026547
SouthWest,7,MAM,4,12.000000,3,9,93,5123278,0.250000,0.968750,0.028571,0.028569
SouthWest,7,All,5,0.500000,209,4,10942,16974448,0.981221,0.981257,0.018736,0.018724
SouthWest,7,All,5,1.000000,207,6,8409,16974448,0.971831,0.975975,0.024008,0.023996
SouthWest,7,All,5,1.500000,205,8,7073,16974448,0.962441,0.971833,0.028136,0.028124
SouthWest,7,All,5,2.000000,205,8,6155,16974448,0.962441,0.967767,0.032192,0.032180
SouthWest,7,All,5,2.500000,200,13,5473,16974448,0.938967,0.964745,0.035174,0.035162
SouthWest,7,All,5,3.000000,192,21,4983,16974448,0.901408,0.962899,0.036952,0.036939
SouthWest,7,All,5,3.500000,188,25,4539,16974448,0.882629,0.960228,0.039562,0.039550
SouthWest,7,All,5,4.000000,184,29,4181,16974448,0.863850,0.957847,0.041875,0.041863
SouthWest,7,All,5,4.500000,181,32,3882,16974448,0.849765,0.955452,0.044200,0.044188
SouthWest,7,All,5,5.000000,180,33,3617,16974448,0.845070,0.952594,0.046997,0.046986
SouthWest,7,All,5,5.500000,176,37,3345,16974448,0.826291,0.950014,0.049466,0.049454
SouthWest,7,All,5,6.000000,174,39,3123,16974448,0.816901,0.947225,0.052158,0.052147
SouthWest,7,All,5,6.500000,172,41,2904,16974448,0.807512,0.944083,0.055181,0.055170
SouthWest,7,All,5,7.000000,171,42,2701,16974448,0.802817,0.940460,0.058682,0.058671
SouthWest,7,All,5,7.500000,171,42,2517,16974448,0.802817,0.936384,0.062637,0.062626
SouthWest,7,All,5,8.000000,170,43,2332,16974448,0.798122,0.932054,0.066798,0.066786
SouthWest,7,All,5,8.500000,166,47,2165,16974448,0.779343,0.928786,0.069807,0.069795
SouthWest,7,All,5,9.000000,163,50,2010,16974448,0.765258,0.924988,0.073324,0.073313
SouthWest,7,All,5,9.500000,159,54,1870,16974448,0.746479,0.921636,0.076332,0.076321
SouthWest,7,All,5,10.000000,155,58,1732,16974448,0.727700,0.917859,0.079692,0.079680
SouthWest,7,All,5,10.500000,153,60,1620,16974448,0.718310,0.913706,0.083470,0.083459
SouthWest,7,All,5,11.000000,148,65,1500,16974448,0.694836,0.910194,0.086398,0.086387
SouthWest,7,All,5,11.500000,144,69,1384,16974448,0.676056,0.905759,0.090169,0.090158
SouthWest,7,All,5,12.000000,141,72,1287,16974448,0.661972,0.901261,0.094000,0.093989
SouthEast,8,JJA,1,0.500000,109,0,28416,4475590,1.000000,0.996179,0.003821,0.003797
SouthEast,8,JJA,1,1.000000,109,0,24309,4475590,1.000000,0.995536,0.004464,0.004440
SouthEast,8,JJA,1,1.500000,109,0,21801,4475590,1.000000,0.995025,0.004975,0.004951
SouthEast,8,JJA,1,2.000000,109,0,20023,4475590,1.000000,0.994586,0.005414,0.005390
SouthEast,8,JJA,1,2.500000,109,0,18473,4475590,1.000000,0.994134,0.005866,0.005842
SouthEast,8,JJA,1,3.000000,109,0,17094,4475590,1.000000,0.993664,0.006336,0.006312
SouthEast,8,JJA,1,3.500000,109,0,15806,4475590,1.000000,0.993151,0.006849,0.006825
SouthEast,8,JJA,1,4.000000,109,0,14672,4475590,1.000000,0.992626,0.007374,0.007350
SouthEast,8,JJA,1,4.500000,108,1,13580,4475590,0.990826,0.992110,0.007890,0.007865
SouthEast,8,JJA,1,5.000000,108,1,12548,4475590,0.990826,0.991466,0.008533,0.008509
SouthEast,8,JJA,1,5.500000,108,1,11626,4475590,0.990826,0.990796,0.009203,0.009179
SouthEast,8,JJA,1,6.000000,108,1,10759,4475590,0.990826,0.990062,0.009937,0.009913
SouthEast,8,JJA,1,6.500000,108,1,9983,4475590,0.990826,0.989297,0.010702,0.010678
SouthEast,8,JJA,1,7.000000,108,1,9236,4475590,0.990826,0.988442,0.011557,0.011533
SouthEast,8,JJA,1,7.500000,107,2,8541,4475590,0.981651,0.987627,0.012370,0.012346
SouthEast,8,JJA,1,8.000000,107,2,7919,4475590,0.981651,0.986668,0.013328,0.013304
SouthEast,8,JJA,1,8.500000,106,3,7320,4475590,0.972477,0.985726,0.014268,0.014244
SouthEast,8,JJA,1,9.000000,105,4,6738,4475590,0.963303,0.984656,0.015335,0.015311
SouthEast,8,JJA,1,9.500000,105,4,6210,4475590,0.963303,0.983373,0.016617,0.016593
SouthEast,8,JJA,1,10.000000,104,5,5721,4475590,0.954128,0.982146,0.017839,0.017815
SouthEast,8,JJA,1,10.500000,104,5,5258,4475590,0.954128,0.980604,0.019378,0.019354
SouthEast,8,JJA,1,11.000000,103,6,4840,4475590,0.944954,0.979162,0.020812,0.020788
SouthEast,8,JJA,1,11.500000,102,7,4479,4475590,0.935780,0.977734,0.022232,0.022208
SouthEast,8,JJA,1,12.000000,100,9,4135,4475590,0.917431,0.976387,0.023563,0.023539
SouthEast,8,SON,2,0.500000,138,0,17698,4981672,1.000000,0.992263,0.007737,0.007710
SouthEast,8,SON,2,1.000000,138,0,13531,4981672,1.000000,0.989904,0.010096,0.010068
SouthEast,8,SON,2,1.500000,137,1,11165,4981672,0.992754,0.987878,0.012121,0.012093
SouthEast,8,SON,2,2.000000,137,1,9583,4981672,0.992754,0.985905,0.014093,0.014066
SouthEast,8,SON,2,2.500000,137,1,8329,4981672,0.992754,0.983818,0.016180,0.016153
SouthEast,8,SON,2,3.000000,137,1,7397,4981672,0.992754,0.981816,0.018182,0.018155
SouthEast,8,SON,2,3.500000,136,2,6661,4981672,0.985507,0.979991,0.020003,0.019976
SouthEast,8,SON,2,4.000000,133,5,5949,4981672,0.963768,0.978132,0.021850,0.021823
SouthEast,8,SON,2,4.500000,133,5,5380,4981672,0.963768,0.975875,0.024103,0.024076
SouthEast,8,SON,2,5.000000,133,5,4897,4981672,0.963768,0.973559,0.026415,0.026388
SouthEast,8,SON,2,5.500000,132,6,4450,4981672,0.956522,0.971192,0.028771,0.028744
SouthEast,8,SON,2,6.000000,132,6,4077,4981672,0.956522,0.968639,0.031317,0.031290
SouthEast,8,SON,2,6.500000,131,7,3714,4981672,0.949275,0.965930,0.034008,0.033982
SouthEast,8,SON,2,7.000000,130,8,3384,4981672,0.942029,0.963005,0.036911,0.036884
SouthEast,8,SON,2,7.500000,128,10,3110,4981672,0.927536,0.960469,0.039409,0.039382
SouthEast,8,SON,2,8.000000,126,12,2857,4981672,0.913043,0.957761,0.042070,0.042044
SouthEast,8,SON,2,8.500000,123,15,2617,4981672,0.891304,0.955109,0.044646,0.044620
SouthEast,8,SON,2,9.000000,120,18,2421,4981672,0.869565,0.952774,0.046893,0.046867
SouthEast,8,SON,2,9.500000,119,19,2227,4981672,0.862319,0.949275,0.050317,0.050291
SouthEast,8,SON,2,10.000000,118,20,2033,4981672,0.855072,0.945142,0.054353,0.054327
SouthEast,8,SON,2,10.500000,117,21,1863,4981672,0.847826,0.940909,0.058471,0.058445
SouthEast,8,SON,2,11.000000,117,21,1717,4981672,0.847826,0.936205,0.063073,0.063047
SouthEast,8,SON,2,11.500000,114,24,1601,4981672,0.826087,0.933528,0.065555,0.065529
SouthEast,8,SON,2,12.000000,114,24,1476,4981672,0.826087,0.928302,0.070632,0.070607
SouthEast,8,DJF,3,0.500000,93,0,7700,2393908,1.000000,0.988066,0.011934,0.011896
SouthEast,8,DJF,3,1.000000,93,0,5518,2393908,1.000000,0.983425,0.016575,0.016536
SouthEast,8,DJF,3,1.500000,92,1,4280,2393908,0.989247,0.978957,0.021038,0.021000
SouthEast,8,DJF,3,2.000000,92,1,3464,2393908,0.989247,0.974128,0.025864,0.025827
SouthEast,8,DJF,3,2.500000,91,2,2854,2393908,0.978495,0.969100,0.030879,0.030841
SouthEast,8,DJF,3,3.000000,87,6,2375,2393908,0.935484,0.964663,0.035251,0.035214
SouthEast,8,DJF,3,3.500000,84,9,2009,2393908,0.903226,0.959866,0.039962,0.039925
SouthEast,8,DJF,3,4.000000,82,11,1717,2393908,0.881720,0.954419,0.045304,0.045267
SouthEast,8,DJF,3,4.500000,77,16,1503,2393908,0.827957,0.951266,0.048246,0.048209
SouthEast,8,DJF,3,5.000000,75,18,1269,2393908,0.806452,0.944196,0.055066,0.055030
SouthEast,8,DJF,3,5.500000,72,21,1077,2393908,0.774194,0.937337,0.061538,0.061503
SouthEast,8,DJF,3,6.000000,69,24,928,2393908,0.741935,0.930792,0.067581,0.067545
SouthEast,8,DJF,3,6.500000,67,26,808,2393908,0.720430,0.923429,0.074362,0.074327
SouthEast,8,DJF,3,7.000000,64,29,715,2393908,0.688172,0.917843,0.079208,0.079173
SouthEast,8,DJF,3,7.500000,62,31,630,2393908,0.666667,0.910405,0.085754,0.085720
SouthEast,8,DJF,3,8.000000,57,36,555,2393908,0.612903,0.906863,0.087963,0.087930
SouthEast,8,DJF,3,8.500000,52,41,512,2393908,0.559140,0.907801,0.085950,0.085917
SouthEast,8,DJF,3,9.000000,48,45,450,2393908,0.516129,0.903614,0.088398,0.088365
SouthEast,8,DJF,3,9.500000,44,49,400,2393908,0.473118,0.900901,0.089249,0.089218
SouthEast,8,DJF,3,10.000000,41,52,357,2393908,0.440860,0.896985,0.091111,0.091080
SouthEast,8,DJF,3,10.500000,39,54,327,2393908,0.419355,0.893443,0.092857,0.092826
SouthEast,8,DJF,3,11.000000,38,55,291,2393908,0.408602,0.884498,0.098958,0.098928
SouthEast,8,DJF,3,11.500000,37,56,277,2393908,0.397849,0.882166,0.100000,0.099970
SouthEast,8,DJF,3,12.000000,36,57,251,2393908,0.387097,0.874564,0.104651,0.104622
SouthEast,8,MAM,4,0.500000,129,0,14697,5123278,1.000000,0.991299,0.008701,0.008676
SouthEast,8,MAM,4,1.000000,129,0,11014,5123278,1.000000,0.988423,0.011577,0.011552
SouthEast,8,MAM,4,1.500000,129,0,9129,5123278,1.000000,0.986066,0.013934,0.013909
SouthEast,8,MAM,4,2.000000,129,0,7803,5123278,1.000000,0.983737,0.016263,0.016239
SouthEast,8,MAM,4,2.500000,129,0,6778,5123278,1.000000,0.981323,0.018677,0.018652
SouthEast,8,MAM,4,3.000000,129,0,5933,5123278,1.000000,0.978720,0.021280,0.021255
SouthEast,8,MAM,4,3.500000,128,1,5340,5123278,0.992248,0.976591,0.023405,0.023380
SouthEast,8,MAM,4,4.000000,126,3,4751,5123278,0.976744,0.974164,0.025820,0.025795
SouthEast,8,MAM,4,4.500000,125,4,4236,5123278,0.968992,0.971337,0.028637,0.028612
SouthEast,8,MAM,4,5.000000,124,5,3824,5123278,0.961240,0.968592,0.031369,0.031344
SouthEast,8,MAM,4,5.500000,122,7,3443,5123278,0.945736,0.965778,0.034155,0.034130
SouthEast,8,MAM,4,6.000000,120,9,3104,5123278,0.930233,0.962779,0.037117,0.037093
SouthEast,8,MAM,4,6.500000,118,11,2809,5123278,0.914729,0.959686,0.040163,0.040139
SouthEast,8,MAM,4,7.000000,116,13,2505,5123278,0.899225,0.955742,0.044039,0.044016
SouthEast,8,MAM,4,7.500000,114,15,2269,5123278,0.883721,0.952161,0.047540,0.047516
SouthEast,8,MAM,4,8.000000,114,15,2048,5123278,0.883721,0.947271,0.052366,0.052342
SouthEast,8,MAM,4,8.500000,112,17,1848,5123278,0.868217,0.942857,0.056651,0.056628
SouthEast,8,MAM,4,9.000000,111,18,1648,5123278,0.860465,0.936896,0.062465,0.062441
SouthEast,8,MAM,4,9.500000,108,21,1495,5123278,0.837209,0.932626,0.066502,0.066479
SouthEast,8,MAM,4,10.000000,105,24,1352,5123278,0.813953,0.927934,0.070898,0.070875
SouthEast,8,MAM,4,10.500000,103,26,1237,5123278,0.798450,0.923134,0.075403,0.075380
SouthEast,8,MAM,4,11.000000,99,30,1144,5123278,0.767442,0.920354,0.077769,0.077746
SouthEast,8,MAM,4,11.500000,96,33,1037,5123278,0.744186,0.915269,0.082333,0.082310
SouthEast,8,MAM,4,12.000000,95,34,953,5123278,0.736434,0.909351,0.087800,0.087778
SouthEast,8,All,5,0.500000,469,0,68511,16974448,1.000000,0.993201,0.006799,0.006772
SouthEast,8,All,5,1.000000,469,0,54372,16974448,1.000000,0.991448,0.008552,0.008525
SouthEast,8,All,5,1.500000,467,2,46375,16974448,0.995736,0.990030,0.009969,0.009942
SouthEast,8,All,5,2.000000,467,2,40873,16974448,0.995736,0.988703,0.011296,0.011269
SouthEast,8,All,5,2.500000,466,3,36434,16974448,0.993603,0.987371,0.012628,0.012600
SouthEast,8,All,5,3.000000,462,7,32799,16974448,0.985075,0.986110,0.013887,0.013860
SouthEast,8,All,5,3.500000,457,12,29816,16974448,0.974414,0.984904,0.015090,0.015063
SouthEast,8,All,5,4.000000,450,19,27089,16974448,0.959488,0.983660,0.016329,0.016302
SouthEast,8,All,5,4.500000,443,26,24699,16974448,0.944563,0.982380,0.017602,0.017575
SouthEast,8,All,5,5.000000,440,29,22538,16974448,0.938166,0.980851,0.019125,0.019098
SouthEast,8,All,5,5.500000,434,35,20596,16974448,0.925373,0.979363,0.020603,0.020576
SouthEast,8,All,5,6.000000,429,40,18868,16974448,0.914712,0.977769,0.022185,0.022159
SouthEast,8,All,5,6.500000,424,45,17314,16974448,0.904051,0.976097,0.023843,0.023816
SouthEast,8,All,5,7.000000,418,51,15840,16974448,0.891258,0.974290,0.025630,0.025603
SouthEast,8,All,5,7.500000,411,58,14550,16974448,0.876333,0.972529,0.027365,0.027339
SouthEast,8,All,5,8.000000,404,65,13379,16974448,0.861407,0.970689,0.029174,0.029147
SouthEast,8,All,5,8.500000,393,76,12297,16974448,0.837953,0.969031,0.030785,0.030758
SouthEast,8,All,5,9.000000,384,85,11257,16974448,0.818763,0.967013,0.032748,0.032721
SouthEast,8,All,5,9.500000,376,93,10332,16974448,0.801706,0.964886,0.034812,0.034785
SouthEast,8,All,5,10.000000,368,101,9463,16974448,0.784648,0.962567,0.037052,0.037026
SouthEast,8,All,5,10.500000,363,106,8685,16974448,0.773987,0.959881,0.039655,0.039629
SouthEast,8,All,5,11.000000,357,112,7992,16974448,0.761194,0.957240,0.042194,0.042167
SouthEast,8,All,5,11.500000,349,120,7394,16974448,0.744136,0.954927,0.044385,0.044359
SouthEast,8,All,5,12.000000,345,124,6815,16974448,0.735608,0.951816,0.047364,0.047338
All,9,JJA,1,0.500000,741,3,94609,129417,0.995968,0.992229,0.007771,0.004476
All,9,JJA,1,1.000000,739,5,78546,145480,0.993280,0.990679,0.009320,0.006030
All,9,JJA,1,1.500000,735,9,69321,154705,0.987903,0.989508,0.010490,0.007204
All,9,JJA,1,2.000000,734,10,62579,161447,0.986559,0.988407,0.011591,0.008309
All,9,JJA,1,2.500000,730,14,57103,166923,0.981183,0.987377,0.012619,0.009341
All,9,JJA,1,3.000000,722,22,52371,171655,0.970430,0.986401,0.013593,0.010319
All,9,JJA,1,3.500000,719,25,48176,175850,0.966398,0.985295,0.014697,0.011427
All,9,JJA,1,4.000000,718,26,44442,179584,0.965054,0.984101,0.015890,0.012623
All,9,JJA,1,4.500000,715,29,41084,182942,0.961022,0.982894,0.017094,0.013832
All,9,JJA,1,5.000000,714,30,38038,185988,0.959677,0.981575,0.018411,0.015153
All,9,JJA,1,5.500000,712,32,35191,188835,0.956989,0.980169,0.019814,0.016561
All,9,JJA,1,6.000000,708,36,32610,191416,0.951613,0.978750,0.021227,0.017980
All,9,JJA,1,6.500000,706,38,30254,193772,0.948925,0.977196,0.022776,0.019534
All,9,JJA,1,7.000000,701,43,28037,195989,0.942204,0.975607,0.024356,0.021121
All,9,JJA,1,7.500000,698,46,26038,197988,0.938172,0.973893,0.026062,0.022833
All,9,JJA,1,8.000000,692,52,24142,199884,0.930108,0.972135,0.027807,0.024585
All,9,JJA,1,8.500000,685,59,22398,201628,0.920699,0.970324,0.029600,0.026385
All,9,JJA,1,9.000000,681,63,20739,203287,0.915323,0.968207,0.031699,0.028493
All,9,JJA,1,9.500000,674,70,19188,204838,0.905914,0.966066,0.033815,0.030618
All,9,JJA,1,10.000000,665,79,17706,206320,0.893817,0.963802,0.036043,0.032856
All,9,JJA,1,10.500000,657,87,16392,207634,0.883065,0.961464,0.038340,0.035163
All,9,JJA,1,11.000000,648,96,15117,208909,0.870968,0.958896,0.040855,0.037689
All,9,JJA,1,11.500000,639,105,14013,210013,0.858871,0.956388,0.043301,0.040147
All,9,JJA,1,12.000000,631,113,12940,211086,0.848118,0.953504,0.046112,0.042971
All,9,SON,2,0.500000,456,4,60962,163348,0.991304,0.992575,0.007424,0.005389
All,9,SON,2,1.000000,454,6,44530,179780,0.986957,0.989908,0.010091,0.008061
All,9,SON,2,1.500000,453,7,35570,188740,0.984783,0.987425,0.012573,0.010548
All,9,SON,2,2.000000,453,7,29618,194692,0.984783,0.984936,0.015061,0.013041
All,9,SON,2,2.500000,451,9,25356,198954,0.980435,0.982524,0.017470,0.015456
All,9,SON,2,3.000000,450,10,22319,201991,0.978261,0.980236,0.019755,0.017746
All,9,SON,2,3.500000,446,14,19905,204405,0.969565,0.978085,0.021900,0.019896
All,9,SON,2,4.000000,437,23,17818,206492,0.950000,0.976061,0.023909,0.021909
All,9,SON,2,4.500000,435,25,16134,208176,0.945652,0.973746,0.026214,0.024220
All,9,SON,2,5.000000,434,26,14701,209609,0.943478,0.971325,0.028626,0.026637
All,9,SON,2,5.500000,429,31,13362,210948,0.932609,0.968893,0.031037,0.029055
All,9,SON,2,6.000000,424,36,12265,212045,0.921739,0.966585,0.033320,0.031343
All,9,SON,2,6.500000,421,39,11213,213097,0.915217,0.963813,0.036066,0.034096
All,9,SON,2,7.000000,416,44,10301,214009,0.904348,0.961183,0.038658,0.036695
All,9,SON,2,7.500000,412,48,9461,214849,0.895652,0.958270,0.041528,0.039572
All,9,SON,2,8.000000,406,54,8739,215571,0.882609,0.955604,0.044135,0.042187
All,9,SON,2,8.500000,397,63,8074,216236,0.863043,0.953134,0.046520,0.044579
All,9,SON,2,9.000000,391,69,7442,216868,0.850000,0.950083,0.049481,0.047549
All,9,SON,2,9.500000,386,74,6883,217427,0.839130,0.946898,0.052567,0.050644
All,9,SON,2,10.000000,379,81,6349,217961,0.823913,0.943668,0.055662,0.053748
All,9,SON,2,10.500000,377,83,5819,218491,0.819565,0.939154,0.060041,0.058139
All,9,SON,2,11.000000,373,87,5358,218952,0.810870,0.934915,0.064111,0.062221
All,9,SON,2,11.500000,364,96,4984,219326,0.791304,0.931937,0.066863,0.064983
All,9,SON,2,12.000000,364,96,4605,219705,0.791304,0.926746,0.071866,0.069999
All,9,DJF,3,0.500000,141,0,22091,81508,1.000000,0.993658,0.006342,0.004990
All,9,DJF,3,1.000000,141,0,14316,89283,1.000000,0.990247,0.009753,0.008405
All,9,DJF,3,1.500000,140,1,10095,93504,0.992908,0.986321,0.013677,0.012335
All,9,DJF,3,2.000000,140,1,7586,96013,0.992908,0.981879,0.018118,0.016782
All,9,DJF,3,2.500000,137,4,5928,97671,0.971631,0.977411,0.022574,0.021244
All,9,DJF,3,3.000000,129,12,4713,98886,0.914894,0.973358,0.026576,0.025254
All,9,DJF,3,3.500000,124,17,3884,99715,0.879433,0.969062,0.030807,0.029494
All,9,DJF,3,4.000000,120,21,3256,100343,0.851064,0.964455,0.035325,0.034020
All,9,DJF,3,4.500000,114,27,2812,100787,0.808511,0.961039,0.038605,0.037308
All,9,DJF,3,5.000000,110,31,2409,101190,0.780142,0.956332,0.043137,0.041851
All,9,DJF,3,5.500000,105,36,2072,101527,0.744681,0.951768,0.047447,0.046172
All,9,DJF,3,6.000000,102,39,1791,101808,0.723404,0.946117,0.052795,0.051532
All,9,DJF,3,6.500000,98,43,1585,102014,0.695035,0.941771,0.056779,0.055527
All,9,DJF,3,7.000000,92,49,1413,102186,0.652482,0.938870,0.059202,0.057962
All,9,DJF,3,7.500000,88,53,1271,102328,0.624113,0.935247,0.062323,0.061095
All,9,DJF,3,8.000000,82,59,1134,102465,0.581560,0.932566,0.064314,0.063099
All,9,DJF,3,8.500000,76,65,1039,102560,0.539007,0.931839,0.064407,0.063204
All,9,DJF,3,9.000000,71,70,926,102673,0.503546,0.928786,0.066542,0.065355
All,9,DJF,3,9.500000,65,76,842,102757,0.460993,0.928335,0.066124,0.064951
All,9,DJF,3,10.000000,60,81,767,102832,0.425532,0.927449,0.066079,0.064922
All,9,DJF,3,10.500000,58,83,710,102889,0.411348,0.924479,0.068155,0.067011
All,9,DJF,3,11.000000,56,85,655,102944,0.397163,0.921238,0.070352,0.069222
All,9,DJF,3,11.500000,54,87,611,102988,0.382979,0.918797,0.071809,0.070692
All,9,DJF,3,12.000000,50,91,562,103037,0.354610,0.918301,0.071124,0.070023
All,9,MAM,4,0.500000,475,7,64573,164655,0.985477,0.992698,0.007302,0.005214
All,9,MAM,4,1.000000,473,9,45933,183295,0.981328,0.989807,0.010191,0.008110
All,9,MAM,4,1.500000,472,10,35975,193253,0.979253,0.987050,0.012947,0.010872
All,9,MAM,4,2.000000,472,10,29420,199808,0.979253,0.984210,0.015785,0.013716
All,9,MAM,4,2.500000,468,14,24783,204445,0.970954,0.981466,0.018524,0.016461
All,9,MAM,4,3.000000,461,21,21398,207830,0.956432,0.978910,0.021069,0.019013
All,9,MAM,4,3.500000,457,25,18795,210433,0.948133,0.976262,0.023707,0.021657
All,9,MAM,4,4.000000,454,28,16549,212679,0.941909,0.973299,0.026657,0.024614
All,9,MAM,4,4.500000,451,31,14695,214533,0.935685,0.970223,0.029716,0.027680
All,9,MAM,4,5.000000,445,37,13145,216083,0.923237,0.967255,0.032656,0.030627
All,9,MAM,4,5.500000,440,42,11757,217471,0.912863,0.963926,0.035951,0.033931
All,9,MAM,4,6.000000,436,46,10557,218671,0.904564,0.960338,0.039496,0.037485
All,9,MAM,4,6.500000,430,52,9532,219696,0.892116,0.956836,0.042940,0.040938
All,9,MAM,4,7.000000,422,60,8586,220642,0.875519,0.953153,0.046537,0.044546
All,9,MAM,4,7.500000,417,65,7782,221446,0.865145,0.949140,0.050460,0.048479
All,9,MAM,4,8.000000,412,70,7092,222136,0.854772,0.945096,0.054397,0.052427
All,9,MAM,4,8.500000,406,76,6439,222789,0.842324,0.940687,0.058662,0.056704
All,9,MAM,4,9.000000,400,82,5809,223419,0.829876,0.935577,0.063583,0.061640
All,9,MAM,4,9.500000,394,88,5252,223976,0.817427,0.930216,0.068713,0.066785
All,9,MAM,4,10.000000,385,97,4800,224428,0.798755,0.925747,0.072889,0.070975
All,9,MAM,4,10.500000,380,102,4363,224865,0.788382,0.919882,0.078431,0.076534
All,9,MAM,4,11.000000,367,115,4026,225202,0.761411,0.916458,0.081411,0.079529
All,9,MAM,4,11.500000,350,132,3637,225591,0.726141,0.912215,0.084972,0.083110
All,9,MAM,4,12.000000,344,138,3296,225932,0.713693,0.905495,0.091053,0.089212
All,9,All,5,0.500000,1813,14,242235,538928,0.992337,0.992571,0.007428,0.005107
All,9,All,5,1.000000,1807,20,183325,597838,0.989053,0.990239,0.009760,0.007444
All,9,All,5,1.500000,1800,27,150961,630202,0.985222,0.988217,0.011781,0.009470
All,9,All,5,2.000000,1799,28,129203,651960,0.984674,0.986267,0.013730,0.011423
All,9,All,5,2.500000,1786,41,113170,667993,0.977559,0.984464,0.015531,0.013229
All,9,All,5,3.000000,1762,65,100801,680362,0.964423,0.982820,0.017169,0.014872
All,9,All,5,3.500000,1746,81,90760,690403,0.955665,0.981126,0.018858,0.016565
All,9,All,5,4.000000,1729,98,82065,699098,0.946360,0.979366,0.020610,0.018322
All,9,All,5,4.500000,1715,112,74725,706438,0.938697,0.977564,0.022403,0.020120
All,9,All,5,5.000000,1703,124,68293,712870,0.932129,0.975670,0.024287,0.022009
All,9,All,5,5.500000,1686,141,62382,718781,0.922824,0.973684,0.026258,0.023986
All,9,All,5,6.000000,1670,157,57223,723940,0.914067,0.971643,0.028281,0.026014
All,9,All,5,6.500000,1655,172,52584,728579,0.905857,0.969487,0.030417,0.028156
All,9,All,5,7.000000,1631,196,48337,732826,0.892720,0.967359,0.032513,0.030259
All,9,All,5,7.500000,1615,212,44552,736611,0.883963,0.965018,0.034822,0.032575
All,9,All,5,8.000000,1592,235,41107,740056,0.871374,0.962716,0.037080,0.034840
All,9,All,5,8.500000,1564,263,37950,743213,0.856048,0.960419,0.039319,0.037087
All,9,All,5,9.000000,1543,284,34916,746247,0.844554,0.957678,0.041994,0.039771
All,9,All,5,9.500000,1519,308,32165,748998,0.831418,0.954904,0.044687,0.042473
All,9,All,5,10.000000,1489,338,29622,751541,0.814997,0.952139,0.047346,0.045142
All,9,All,5,10.500000,1472,355,27284,753879,0.805692,0.948811,0.050565,0.048372
All,9,All,5,11.000000,1444,383,25156,756007,0.790367,0.945714,0.053515,0.051333
All,9,All,5,11.500000,1407,420,23245,757918,0.770115,0.942926,0.056118,0.053948
All,9,All,5,12.000000,1389,438,21403,759760,0.760263,0.939058,0.059793,0.057636
